--
-- PostgreSQL database dump
--

-- Dumped from database version 18.1
-- Dumped by pg_dump version 18.1

SET statement_timeout = 0;
SET lock_timeout = 0;
SET idle_in_transaction_session_timeout = 0;
SET transaction_timeout = 0;
SET client_encoding = 'UTF8';
SET standard_conforming_strings = on;
SELECT pg_catalog.set_config('search_path', '', false);
SET check_function_bodies = false;
SET xmloption = content;
SET client_min_messages = warning;
SET row_security = off;

SET default_tablespace = '';

SET default_table_access_method = heap;

--
-- Name: academics_cohort; Type: TABLE; Schema: public; Owner: yanis
--

CREATE TABLE public.academics_cohort (
    id bigint NOT NULL,
    name character varying(150) NOT NULL,
    start_date date NOT NULL,
    end_date date NOT NULL,
    teacher_hourly_rate integer NOT NULL,
    standard_price integer NOT NULL,
    schedule_generated boolean NOT NULL,
    academic_year_id bigint,
    substitute_teacher_id bigint,
    teacher_id bigint NOT NULL,
    level_id bigint NOT NULL,
    subject_id bigint NOT NULL,
    is_individual boolean NOT NULL,
    modality character varying(10) NOT NULL,
    ramadan_start date,
    ramadan_end date,
    ramadan_teacher_hourly_rate integer,
    ramadan_end_time time without time zone,
    ramadan_start_time time without time zone
);


ALTER TABLE public.academics_cohort OWNER TO yanis;

--
-- Name: academics_cohort_id_seq; Type: SEQUENCE; Schema: public; Owner: yanis
--

ALTER TABLE public.academics_cohort ALTER COLUMN id ADD GENERATED BY DEFAULT AS IDENTITY (
    SEQUENCE NAME public.academics_cohort_id_seq
    START WITH 1
    INCREMENT BY 1
    NO MINVALUE
    NO MAXVALUE
    CACHE 1
);


--
-- Name: academics_cohort_substitute_teachers; Type: TABLE; Schema: public; Owner: yanis
--

CREATE TABLE public.academics_cohort_substitute_teachers (
    id bigint NOT NULL,
    cohort_id bigint NOT NULL,
    user_id bigint NOT NULL
);


ALTER TABLE public.academics_cohort_substitute_teachers OWNER TO yanis;

--
-- Name: academics_cohort_substitute_teachers_id_seq; Type: SEQUENCE; Schema: public; Owner: yanis
--

ALTER TABLE public.academics_cohort_substitute_teachers ALTER COLUMN id ADD GENERATED BY DEFAULT AS IDENTITY (
    SEQUENCE NAME public.academics_cohort_substitute_teachers_id_seq
    START WITH 1
    INCREMENT BY 1
    NO MINVALUE
    NO MAXVALUE
    CACHE 1
);


--
-- Name: academics_coursesession; Type: TABLE; Schema: public; Owner: yanis
--

CREATE TABLE public.academics_coursesession (
    id bigint NOT NULL,
    date date NOT NULL,
    start_time time without time zone NOT NULL,
    end_time time without time zone NOT NULL,
    status character varying(20) NOT NULL,
    note text NOT NULL,
    classroom_id bigint NOT NULL,
    cohort_id bigint NOT NULL,
    teacher_id bigint NOT NULL,
    duration_override_minutes integer,
    planned_duration_minutes integer,
    teacher_hourly_rate_override integer,
    CONSTRAINT academics_coursesession_duration_override_minutes_check CHECK ((duration_override_minutes >= 0)),
    CONSTRAINT academics_coursesession_planned_duration_minutes_check CHECK ((planned_duration_minutes >= 0))
);


ALTER TABLE public.academics_coursesession OWNER TO yanis;

--
-- Name: academics_coursesession_id_seq; Type: SEQUENCE; Schema: public; Owner: yanis
--

ALTER TABLE public.academics_coursesession ALTER COLUMN id ADD GENERATED BY DEFAULT AS IDENTITY (
    SEQUENCE NAME public.academics_coursesession_id_seq
    START WITH 1
    INCREMENT BY 1
    NO MINVALUE
    NO MAXVALUE
    CACHE 1
);


--
-- Name: academics_level; Type: TABLE; Schema: public; Owner: yanis
--

CREATE TABLE public.academics_level (
    id bigint NOT NULL,
    name character varying(50) NOT NULL
);


ALTER TABLE public.academics_level OWNER TO yanis;

--
-- Name: academics_level_id_seq; Type: SEQUENCE; Schema: public; Owner: yanis
--

ALTER TABLE public.academics_level ALTER COLUMN id ADD GENERATED BY DEFAULT AS IDENTITY (
    SEQUENCE NAME public.academics_level_id_seq
    START WITH 1
    INCREMENT BY 1
    NO MINVALUE
    NO MAXVALUE
    CACHE 1
);


--
-- Name: academics_subject; Type: TABLE; Schema: public; Owner: yanis
--

CREATE TABLE public.academics_subject (
    id bigint NOT NULL,
    name character varying(100) NOT NULL
);


ALTER TABLE public.academics_subject OWNER TO yanis;

--
-- Name: academics_subject_id_seq; Type: SEQUENCE; Schema: public; Owner: yanis
--

ALTER TABLE public.academics_subject ALTER COLUMN id ADD GENERATED BY DEFAULT AS IDENTITY (
    SEQUENCE NAME public.academics_subject_id_seq
    START WITH 1
    INCREMENT BY 1
    NO MINVALUE
    NO MAXVALUE
    CACHE 1
);


--
-- Name: academics_weeklyschedule; Type: TABLE; Schema: public; Owner: yanis
--

CREATE TABLE public.academics_weeklyschedule (
    id bigint NOT NULL,
    day_of_week integer NOT NULL,
    start_time time without time zone NOT NULL,
    end_time time without time zone NOT NULL,
    classroom_id bigint NOT NULL,
    cohort_id bigint NOT NULL
);


ALTER TABLE public.academics_weeklyschedule OWNER TO yanis;

--
-- Name: academics_weeklyschedule_id_seq; Type: SEQUENCE; Schema: public; Owner: yanis
--

ALTER TABLE public.academics_weeklyschedule ALTER COLUMN id ADD GENERATED BY DEFAULT AS IDENTITY (
    SEQUENCE NAME public.academics_weeklyschedule_id_seq
    START WITH 1
    INCREMENT BY 1
    NO MINVALUE
    NO MAXVALUE
    CACHE 1
);


--
-- Name: auth_group; Type: TABLE; Schema: public; Owner: yanis
--

CREATE TABLE public.auth_group (
    id integer NOT NULL,
    name character varying(150) NOT NULL
);


ALTER TABLE public.auth_group OWNER TO yanis;

--
-- Name: auth_group_id_seq; Type: SEQUENCE; Schema: public; Owner: yanis
--

ALTER TABLE public.auth_group ALTER COLUMN id ADD GENERATED BY DEFAULT AS IDENTITY (
    SEQUENCE NAME public.auth_group_id_seq
    START WITH 1
    INCREMENT BY 1
    NO MINVALUE
    NO MAXVALUE
    CACHE 1
);


--
-- Name: auth_group_permissions; Type: TABLE; Schema: public; Owner: yanis
--

CREATE TABLE public.auth_group_permissions (
    id bigint NOT NULL,
    group_id integer NOT NULL,
    permission_id integer NOT NULL
);


ALTER TABLE public.auth_group_permissions OWNER TO yanis;

--
-- Name: auth_group_permissions_id_seq; Type: SEQUENCE; Schema: public; Owner: yanis
--

ALTER TABLE public.auth_group_permissions ALTER COLUMN id ADD GENERATED BY DEFAULT AS IDENTITY (
    SEQUENCE NAME public.auth_group_permissions_id_seq
    START WITH 1
    INCREMENT BY 1
    NO MINVALUE
    NO MAXVALUE
    CACHE 1
);


--
-- Name: auth_permission; Type: TABLE; Schema: public; Owner: yanis
--

CREATE TABLE public.auth_permission (
    id integer NOT NULL,
    name character varying(255) NOT NULL,
    content_type_id integer NOT NULL,
    codename character varying(100) NOT NULL
);


ALTER TABLE public.auth_permission OWNER TO yanis;

--
-- Name: auth_permission_id_seq; Type: SEQUENCE; Schema: public; Owner: yanis
--

ALTER TABLE public.auth_permission ALTER COLUMN id ADD GENERATED BY DEFAULT AS IDENTITY (
    SEQUENCE NAME public.auth_permission_id_seq
    START WITH 1
    INCREMENT BY 1
    NO MINVALUE
    NO MAXVALUE
    CACHE 1
);


--
-- Name: cash_cashcategory; Type: TABLE; Schema: public; Owner: yanis
--

CREATE TABLE public.cash_cashcategory (
    id bigint NOT NULL,
    name character varying(100) NOT NULL,
    description text NOT NULL,
    current_amount integer NOT NULL,
    created_at timestamp with time zone NOT NULL,
    last_reset timestamp with time zone,
    is_total boolean NOT NULL
);


ALTER TABLE public.cash_cashcategory OWNER TO yanis;

--
-- Name: cash_cashcategory_id_seq; Type: SEQUENCE; Schema: public; Owner: yanis
--

ALTER TABLE public.cash_cashcategory ALTER COLUMN id ADD GENERATED BY DEFAULT AS IDENTITY (
    SEQUENCE NAME public.cash_cashcategory_id_seq
    START WITH 1
    INCREMENT BY 1
    NO MINVALUE
    NO MAXVALUE
    CACHE 1
);


--
-- Name: cash_cashtransaction; Type: TABLE; Schema: public; Owner: yanis
--

CREATE TABLE public.cash_cashtransaction (
    id bigint NOT NULL,
    transaction_type character varying(10) NOT NULL,
    amount integer NOT NULL,
    note text NOT NULL,
    created_at timestamp with time zone NOT NULL,
    amount_before integer NOT NULL,
    amount_after integer NOT NULL,
    category_id bigint NOT NULL,
    created_by_id bigint
);


ALTER TABLE public.cash_cashtransaction OWNER TO yanis;

--
-- Name: cash_cashtransaction_id_seq; Type: SEQUENCE; Schema: public; Owner: yanis
--

ALTER TABLE public.cash_cashtransaction ALTER COLUMN id ADD GENERATED BY DEFAULT AS IDENTITY (
    SEQUENCE NAME public.cash_cashtransaction_id_seq
    START WITH 1
    INCREMENT BY 1
    NO MINVALUE
    NO MAXVALUE
    CACHE 1
);


--
-- Name: core_academicyear; Type: TABLE; Schema: public; Owner: yanis
--

CREATE TABLE public.core_academicyear (
    id bigint NOT NULL,
    label character varying(20) NOT NULL,
    start_date date NOT NULL,
    end_date date NOT NULL,
    is_current boolean NOT NULL,
    registration_fee_amount numeric(10,2) NOT NULL
);


ALTER TABLE public.core_academicyear OWNER TO yanis;

--
-- Name: core_academicyear_id_seq; Type: SEQUENCE; Schema: public; Owner: yanis
--

ALTER TABLE public.core_academicyear ALTER COLUMN id ADD GENERATED BY DEFAULT AS IDENTITY (
    SEQUENCE NAME public.core_academicyear_id_seq
    START WITH 1
    INCREMENT BY 1
    NO MINVALUE
    NO MAXVALUE
    CACHE 1
);


--
-- Name: core_classroom; Type: TABLE; Schema: public; Owner: yanis
--

CREATE TABLE public.core_classroom (
    id bigint NOT NULL,
    name character varying(50) NOT NULL,
    capacity integer NOT NULL
);


ALTER TABLE public.core_classroom OWNER TO yanis;

--
-- Name: core_classroom_id_seq; Type: SEQUENCE; Schema: public; Owner: yanis
--

ALTER TABLE public.core_classroom ALTER COLUMN id ADD GENERATED BY DEFAULT AS IDENTITY (
    SEQUENCE NAME public.core_classroom_id_seq
    START WITH 1
    INCREMENT BY 1
    NO MINVALUE
    NO MAXVALUE
    CACHE 1
);


--
-- Name: core_teacherprofile; Type: TABLE; Schema: public; Owner: yanis
--

CREATE TABLE public.core_teacherprofile (
    id bigint NOT NULL,
    preferred_payment_method character varying(10) NOT NULL,
    bank_details character varying(200) NOT NULL,
    tax_id character varying(50) NOT NULL,
    notes text NOT NULL,
    created_at timestamp with time zone NOT NULL,
    updated_at timestamp with time zone NOT NULL,
    user_id bigint NOT NULL,
    payment_frequency character varying(20) NOT NULL
);


ALTER TABLE public.core_teacherprofile OWNER TO yanis;

--
-- Name: core_teacherprofile_id_seq; Type: SEQUENCE; Schema: public; Owner: yanis
--

ALTER TABLE public.core_teacherprofile ALTER COLUMN id ADD GENERATED BY DEFAULT AS IDENTITY (
    SEQUENCE NAME public.core_teacherprofile_id_seq
    START WITH 1
    INCREMENT BY 1
    NO MINVALUE
    NO MAXVALUE
    CACHE 1
);


--
-- Name: core_user; Type: TABLE; Schema: public; Owner: yanis
--

CREATE TABLE public.core_user (
    id bigint NOT NULL,
    password character varying(128) NOT NULL,
    last_login timestamp with time zone,
    is_superuser boolean NOT NULL,
    username character varying(150) NOT NULL,
    first_name character varying(150) NOT NULL,
    last_name character varying(150) NOT NULL,
    email character varying(254) NOT NULL,
    is_staff boolean NOT NULL,
    is_active boolean NOT NULL,
    date_joined timestamp with time zone NOT NULL,
    is_teacher boolean NOT NULL,
    is_admin boolean NOT NULL,
    phone character varying(20) NOT NULL,
    profile_picture character varying(100),
    birth_date date
);


ALTER TABLE public.core_user OWNER TO yanis;

--
-- Name: core_user_groups; Type: TABLE; Schema: public; Owner: yanis
--

CREATE TABLE public.core_user_groups (
    id bigint NOT NULL,
    user_id bigint NOT NULL,
    group_id integer NOT NULL
);


ALTER TABLE public.core_user_groups OWNER TO yanis;

--
-- Name: core_user_groups_id_seq; Type: SEQUENCE; Schema: public; Owner: yanis
--

ALTER TABLE public.core_user_groups ALTER COLUMN id ADD GENERATED BY DEFAULT AS IDENTITY (
    SEQUENCE NAME public.core_user_groups_id_seq
    START WITH 1
    INCREMENT BY 1
    NO MINVALUE
    NO MAXVALUE
    CACHE 1
);


--
-- Name: core_user_id_seq; Type: SEQUENCE; Schema: public; Owner: yanis
--

ALTER TABLE public.core_user ALTER COLUMN id ADD GENERATED BY DEFAULT AS IDENTITY (
    SEQUENCE NAME public.core_user_id_seq
    START WITH 1
    INCREMENT BY 1
    NO MINVALUE
    NO MAXVALUE
    CACHE 1
);


--
-- Name: core_user_user_permissions; Type: TABLE; Schema: public; Owner: yanis
--

CREATE TABLE public.core_user_user_permissions (
    id bigint NOT NULL,
    user_id bigint NOT NULL,
    permission_id integer NOT NULL
);


ALTER TABLE public.core_user_user_permissions OWNER TO yanis;

--
-- Name: core_user_user_permissions_id_seq; Type: SEQUENCE; Schema: public; Owner: yanis
--

ALTER TABLE public.core_user_user_permissions ALTER COLUMN id ADD GENERATED BY DEFAULT AS IDENTITY (
    SEQUENCE NAME public.core_user_user_permissions_id_seq
    START WITH 1
    INCREMENT BY 1
    NO MINVALUE
    NO MAXVALUE
    CACHE 1
);


--
-- Name: django_admin_log; Type: TABLE; Schema: public; Owner: yanis
--

CREATE TABLE public.django_admin_log (
    id integer NOT NULL,
    action_time timestamp with time zone NOT NULL,
    object_id text,
    object_repr character varying(200) NOT NULL,
    action_flag smallint NOT NULL,
    change_message text NOT NULL,
    content_type_id integer,
    user_id bigint NOT NULL,
    CONSTRAINT django_admin_log_action_flag_check CHECK ((action_flag >= 0))
);


ALTER TABLE public.django_admin_log OWNER TO yanis;

--
-- Name: django_admin_log_id_seq; Type: SEQUENCE; Schema: public; Owner: yanis
--

ALTER TABLE public.django_admin_log ALTER COLUMN id ADD GENERATED BY DEFAULT AS IDENTITY (
    SEQUENCE NAME public.django_admin_log_id_seq
    START WITH 1
    INCREMENT BY 1
    NO MINVALUE
    NO MAXVALUE
    CACHE 1
);


--
-- Name: django_content_type; Type: TABLE; Schema: public; Owner: yanis
--

CREATE TABLE public.django_content_type (
    id integer NOT NULL,
    app_label character varying(100) NOT NULL,
    model character varying(100) NOT NULL
);


ALTER TABLE public.django_content_type OWNER TO yanis;

--
-- Name: django_content_type_id_seq; Type: SEQUENCE; Schema: public; Owner: yanis
--

ALTER TABLE public.django_content_type ALTER COLUMN id ADD GENERATED BY DEFAULT AS IDENTITY (
    SEQUENCE NAME public.django_content_type_id_seq
    START WITH 1
    INCREMENT BY 1
    NO MINVALUE
    NO MAXVALUE
    CACHE 1
);


--
-- Name: django_migrations; Type: TABLE; Schema: public; Owner: yanis
--

CREATE TABLE public.django_migrations (
    id bigint NOT NULL,
    app character varying(255) NOT NULL,
    name character varying(255) NOT NULL,
    applied timestamp with time zone NOT NULL
);


ALTER TABLE public.django_migrations OWNER TO yanis;

--
-- Name: django_migrations_id_seq; Type: SEQUENCE; Schema: public; Owner: yanis
--

ALTER TABLE public.django_migrations ALTER COLUMN id ADD GENERATED BY DEFAULT AS IDENTITY (
    SEQUENCE NAME public.django_migrations_id_seq
    START WITH 1
    INCREMENT BY 1
    NO MINVALUE
    NO MAXVALUE
    CACHE 1
);


--
-- Name: django_session; Type: TABLE; Schema: public; Owner: yanis
--

CREATE TABLE public.django_session (
    session_key character varying(40) NOT NULL,
    session_data text NOT NULL,
    expire_date timestamp with time zone NOT NULL
);


ALTER TABLE public.django_session OWNER TO yanis;

--
-- Name: documents_synclog; Type: TABLE; Schema: public; Owner: yanis
--

CREATE TABLE public.documents_synclog (
    id bigint NOT NULL,
    "timestamp" timestamp with time zone NOT NULL,
    backup_created boolean NOT NULL,
    backup_path character varying(500),
    backup_message text NOT NULL,
    stats_json jsonb NOT NULL,
    summary text NOT NULL,
    error_count integer NOT NULL,
    errors_json jsonb NOT NULL,
    user_id bigint
);


ALTER TABLE public.documents_synclog OWNER TO yanis;

--
-- Name: documents_synclog_id_seq; Type: SEQUENCE; Schema: public; Owner: yanis
--

ALTER TABLE public.documents_synclog ALTER COLUMN id ADD GENERATED BY DEFAULT AS IDENTITY (
    SEQUENCE NAME public.documents_synclog_id_seq
    START WITH 1
    INCREMENT BY 1
    NO MINVALUE
    NO MAXVALUE
    CACHE 1
);


--
-- Name: emails_emailcampaign; Type: TABLE; Schema: public; Owner: yanis
--

CREATE TABLE public.emails_emailcampaign (
    id bigint NOT NULL,
    title character varying(200) NOT NULL,
    recipient_type character varying(20) NOT NULL,
    subject character varying(255) NOT NULL,
    message text NOT NULL,
    attachment character varying(100),
    sent_at timestamp with time zone NOT NULL,
    total_recipients integer NOT NULL,
    success_count integer NOT NULL,
    failure_count integer NOT NULL,
    recipient_emails text NOT NULL,
    cohort_id bigint,
    sent_by_id bigint NOT NULL,
    recipient_details jsonb NOT NULL
);


ALTER TABLE public.emails_emailcampaign OWNER TO yanis;

--
-- Name: emails_emailcampaign_id_seq; Type: SEQUENCE; Schema: public; Owner: yanis
--

ALTER TABLE public.emails_emailcampaign ALTER COLUMN id ADD GENERATED BY DEFAULT AS IDENTITY (
    SEQUENCE NAME public.emails_emailcampaign_id_seq
    START WITH 1
    INCREMENT BY 1
    NO MINVALUE
    NO MAXVALUE
    CACHE 1
);


--
-- Name: finance_discount; Type: TABLE; Schema: public; Owner: yanis
--

CREATE TABLE public.finance_discount (
    id bigint NOT NULL,
    name character varying(100) NOT NULL,
    value integer NOT NULL,
    type character varying(10) NOT NULL,
    is_active boolean NOT NULL
);


ALTER TABLE public.finance_discount OWNER TO yanis;

--
-- Name: finance_discount_id_seq; Type: SEQUENCE; Schema: public; Owner: yanis
--

ALTER TABLE public.finance_discount ALTER COLUMN id ADD GENERATED BY DEFAULT AS IDENTITY (
    SEQUENCE NAME public.finance_discount_id_seq
    START WITH 1
    INCREMENT BY 1
    NO MINVALUE
    NO MAXVALUE
    CACHE 1
);


--
-- Name: finance_installment; Type: TABLE; Schema: public; Owner: yanis
--

CREATE TABLE public.finance_installment (
    id bigint NOT NULL,
    due_date date NOT NULL,
    amount integer NOT NULL,
    is_paid boolean NOT NULL,
    enrollment_id bigint NOT NULL,
    payment_id bigint
);


ALTER TABLE public.finance_installment OWNER TO yanis;

--
-- Name: finance_installment_id_seq; Type: SEQUENCE; Schema: public; Owner: yanis
--

ALTER TABLE public.finance_installment ALTER COLUMN id ADD GENERATED BY DEFAULT AS IDENTITY (
    SEQUENCE NAME public.finance_installment_id_seq
    START WITH 1
    INCREMENT BY 1
    NO MINVALUE
    NO MAXVALUE
    CACHE 1
);


--
-- Name: finance_payment; Type: TABLE; Schema: public; Owner: yanis
--

CREATE TABLE public.finance_payment (
    id bigint NOT NULL,
    amount integer NOT NULL,
    method character varying(10) NOT NULL,
    date date NOT NULL,
    transaction_id character varying(100) NOT NULL,
    enrollment_id bigint NOT NULL,
    recorded_by_id bigint NOT NULL,
    receipt character varying(100)
);


ALTER TABLE public.finance_payment OWNER TO yanis;

--
-- Name: finance_payment_id_seq; Type: SEQUENCE; Schema: public; Owner: yanis
--

ALTER TABLE public.finance_payment ALTER COLUMN id ADD GENERATED BY DEFAULT AS IDENTITY (
    SEQUENCE NAME public.finance_payment_id_seq
    START WITH 1
    INCREMENT BY 1
    NO MINVALUE
    NO MAXVALUE
    CACHE 1
);


--
-- Name: finance_tariff; Type: TABLE; Schema: public; Owner: yanis
--

CREATE TABLE public.finance_tariff (
    id bigint NOT NULL,
    name character varying(150) NOT NULL,
    amount integer NOT NULL
);


ALTER TABLE public.finance_tariff OWNER TO yanis;

--
-- Name: finance_tariff_id_seq; Type: SEQUENCE; Schema: public; Owner: yanis
--

ALTER TABLE public.finance_tariff ALTER COLUMN id ADD GENERATED BY DEFAULT AS IDENTITY (
    SEQUENCE NAME public.finance_tariff_id_seq
    START WITH 1
    INCREMENT BY 1
    NO MINVALUE
    NO MAXVALUE
    CACHE 1
);


--
-- Name: finance_teachercohortpayment; Type: TABLE; Schema: public; Owner: yanis
--

CREATE TABLE public.finance_teachercohortpayment (
    id bigint NOT NULL,
    period_start date NOT NULL,
    period_end date NOT NULL,
    amount_due numeric(10,2) NOT NULL,
    amount_paid numeric(10,2) NOT NULL,
    payment_date date NOT NULL,
    payment_method character varying(10) NOT NULL,
    notes text NOT NULL,
    created_at timestamp with time zone NOT NULL,
    updated_at timestamp with time zone NOT NULL,
    cohort_id bigint NOT NULL,
    recorded_by_id bigint NOT NULL,
    teacher_id bigint NOT NULL
);


ALTER TABLE public.finance_teachercohortpayment OWNER TO yanis;

--
-- Name: finance_teachercohortpayment_id_seq; Type: SEQUENCE; Schema: public; Owner: yanis
--

ALTER TABLE public.finance_teachercohortpayment ALTER COLUMN id ADD GENERATED BY DEFAULT AS IDENTITY (
    SEQUENCE NAME public.finance_teachercohortpayment_id_seq
    START WITH 1
    INCREMENT BY 1
    NO MINVALUE
    NO MAXVALUE
    CACHE 1
);


--
-- Name: finance_teacherpayment; Type: TABLE; Schema: public; Owner: yanis
--

CREATE TABLE public.finance_teacherpayment (
    id bigint NOT NULL,
    period_start date NOT NULL,
    period_end date NOT NULL,
    total_amount integer NOT NULL,
    payment_method character varying(10) NOT NULL,
    payment_date date NOT NULL,
    proof_reference character varying(100) NOT NULL,
    notes text NOT NULL,
    created_at timestamp with time zone NOT NULL,
    recorded_by_id bigint NOT NULL,
    teacher_id bigint NOT NULL
);


ALTER TABLE public.finance_teacherpayment OWNER TO yanis;

--
-- Name: finance_teacherpayment_id_seq; Type: SEQUENCE; Schema: public; Owner: yanis
--

ALTER TABLE public.finance_teacherpayment ALTER COLUMN id ADD GENERATED BY DEFAULT AS IDENTITY (
    SEQUENCE NAME public.finance_teacherpayment_id_seq
    START WITH 1
    INCREMENT BY 1
    NO MINVALUE
    NO MAXVALUE
    CACHE 1
);


--
-- Name: inventory_inventoryitem; Type: TABLE; Schema: public; Owner: yanis
--

CREATE TABLE public.inventory_inventoryitem (
    id bigint NOT NULL,
    name character varying(200) NOT NULL,
    description text NOT NULL,
    quantity_current integer NOT NULL,
    quantity_min integer NOT NULL,
    unit character varying(50) NOT NULL,
    purchase_price numeric(10,2) NOT NULL,
    location character varying(200) NOT NULL,
    is_mandatory boolean NOT NULL,
    status character varying(20) NOT NULL,
    last_updated timestamp with time zone NOT NULL,
    created_at timestamp with time zone NOT NULL,
    notes text NOT NULL,
    category_id bigint NOT NULL,
    CONSTRAINT inventory_inventoryitem_quantity_current_check CHECK ((quantity_current >= 0)),
    CONSTRAINT inventory_inventoryitem_quantity_min_check CHECK ((quantity_min >= 0))
);


ALTER TABLE public.inventory_inventoryitem OWNER TO yanis;

--
-- Name: inventory_inventoryitem_id_seq; Type: SEQUENCE; Schema: public; Owner: yanis
--

ALTER TABLE public.inventory_inventoryitem ALTER COLUMN id ADD GENERATED BY DEFAULT AS IDENTITY (
    SEQUENCE NAME public.inventory_inventoryitem_id_seq
    START WITH 1
    INCREMENT BY 1
    NO MINVALUE
    NO MAXVALUE
    CACHE 1
);


--
-- Name: inventory_itemcategory; Type: TABLE; Schema: public; Owner: yanis
--

CREATE TABLE public.inventory_itemcategory (
    id bigint NOT NULL,
    name character varying(100) NOT NULL,
    description text NOT NULL,
    color character varying(7) NOT NULL,
    created_at timestamp with time zone NOT NULL
);


ALTER TABLE public.inventory_itemcategory OWNER TO yanis;

--
-- Name: inventory_itemcategory_id_seq; Type: SEQUENCE; Schema: public; Owner: yanis
--

ALTER TABLE public.inventory_itemcategory ALTER COLUMN id ADD GENERATED BY DEFAULT AS IDENTITY (
    SEQUENCE NAME public.inventory_itemcategory_id_seq
    START WITH 1
    INCREMENT BY 1
    NO MINVALUE
    NO MAXVALUE
    CACHE 1
);


--
-- Name: inventory_shoppinglist; Type: TABLE; Schema: public; Owner: yanis
--

CREATE TABLE public.inventory_shoppinglist (
    id bigint NOT NULL,
    title character varying(200) NOT NULL,
    description text NOT NULL,
    event_date date,
    date_created timestamp with time zone NOT NULL,
    status character varying(20) NOT NULL,
    total_cost numeric(12,2) NOT NULL,
    notes text NOT NULL,
    created_by_id bigint
);


ALTER TABLE public.inventory_shoppinglist OWNER TO yanis;

--
-- Name: inventory_shoppinglist_id_seq; Type: SEQUENCE; Schema: public; Owner: yanis
--

ALTER TABLE public.inventory_shoppinglist ALTER COLUMN id ADD GENERATED BY DEFAULT AS IDENTITY (
    SEQUENCE NAME public.inventory_shoppinglist_id_seq
    START WITH 1
    INCREMENT BY 1
    NO MINVALUE
    NO MAXVALUE
    CACHE 1
);


--
-- Name: inventory_shoppinglistitem; Type: TABLE; Schema: public; Owner: yanis
--

CREATE TABLE public.inventory_shoppinglistitem (
    id bigint NOT NULL,
    custom_item_name character varying(200) NOT NULL,
    quantity_needed integer NOT NULL,
    unit character varying(50) NOT NULL,
    unit_price numeric(10,2),
    is_purchased boolean NOT NULL,
    purchase_date date,
    supplier character varying(200) NOT NULL,
    priority integer NOT NULL,
    notes text NOT NULL,
    created_at timestamp with time zone NOT NULL,
    item_id bigint,
    shopping_list_id bigint NOT NULL,
    CONSTRAINT inventory_shoppinglistitem_quantity_needed_check CHECK ((quantity_needed >= 0))
);


ALTER TABLE public.inventory_shoppinglistitem OWNER TO yanis;

--
-- Name: inventory_shoppinglistitem_id_seq; Type: SEQUENCE; Schema: public; Owner: yanis
--

ALTER TABLE public.inventory_shoppinglistitem ALTER COLUMN id ADD GENERATED BY DEFAULT AS IDENTITY (
    SEQUENCE NAME public.inventory_shoppinglistitem_id_seq
    START WITH 1
    INCREMENT BY 1
    NO MINVALUE
    NO MAXVALUE
    CACHE 1
);


--
-- Name: prospects_prospect; Type: TABLE; Schema: public; Owner: yanis
--

CREATE TABLE public.prospects_prospect (
    id bigint NOT NULL,
    first_name character varying(100) NOT NULL,
    last_name character varying(100) NOT NULL,
    email character varying(254) NOT NULL,
    phone character varying(20) NOT NULL,
    age integer,
    birth_date date,
    level character varying(50) NOT NULL,
    source character varying(100) NOT NULL,
    activity_type character varying(200) NOT NULL,
    specific_course character varying(200) NOT NULL,
    message text NOT NULL,
    notes text NOT NULL,
    converted boolean NOT NULL,
    created_at timestamp with time zone NOT NULL,
    updated_at timestamp with time zone NOT NULL,
    CONSTRAINT prospects_prospect_age_check CHECK ((age >= 0))
);


ALTER TABLE public.prospects_prospect OWNER TO yanis;

--
-- Name: prospects_prospect_id_seq; Type: SEQUENCE; Schema: public; Owner: yanis
--

ALTER TABLE public.prospects_prospect ALTER COLUMN id ADD GENERATED BY DEFAULT AS IDENTITY (
    SEQUENCE NAME public.prospects_prospect_id_seq
    START WITH 1
    INCREMENT BY 1
    NO MINVALUE
    NO MAXVALUE
    CACHE 1
);


--
-- Name: prospects_uploadhistory; Type: TABLE; Schema: public; Owner: yanis
--

CREATE TABLE public.prospects_uploadhistory (
    id bigint NOT NULL,
    filename character varying(255) NOT NULL,
    created_at timestamp with time zone NOT NULL,
    total_processed integer NOT NULL,
    created_count integer NOT NULL,
    updated_count integer NOT NULL,
    duplicates_data jsonb NOT NULL,
    errors_data jsonb NOT NULL,
    created_data jsonb NOT NULL,
    updated_data jsonb NOT NULL
);


ALTER TABLE public.prospects_uploadhistory OWNER TO yanis;

--
-- Name: prospects_uploadhistory_id_seq; Type: SEQUENCE; Schema: public; Owner: yanis
--

ALTER TABLE public.prospects_uploadhistory ALTER COLUMN id ADD GENERATED BY DEFAULT AS IDENTITY (
    SEQUENCE NAME public.prospects_uploadhistory_id_seq
    START WITH 1
    INCREMENT BY 1
    NO MINVALUE
    NO MAXVALUE
    CACHE 1
);


--
-- Name: students_attendance; Type: TABLE; Schema: public; Owner: yanis
--

CREATE TABLE public.students_attendance (
    id bigint NOT NULL,
    status character varying(10) NOT NULL,
    billable boolean NOT NULL,
    note text NOT NULL,
    updated_at timestamp with time zone NOT NULL,
    session_id bigint NOT NULL,
    enrollment_id bigint NOT NULL,
    student_id bigint NOT NULL
);


ALTER TABLE public.students_attendance OWNER TO yanis;

--
-- Name: students_attendance_id_seq; Type: SEQUENCE; Schema: public; Owner: yanis
--

ALTER TABLE public.students_attendance ALTER COLUMN id ADD GENERATED BY DEFAULT AS IDENTITY (
    SEQUENCE NAME public.students_attendance_id_seq
    START WITH 1
    INCREMENT BY 1
    NO MINVALUE
    NO MAXVALUE
    CACHE 1
);


--
-- Name: students_enrollment; Type: TABLE; Schema: public; Owner: yanis
--

CREATE TABLE public.students_enrollment (
    id bigint NOT NULL,
    payment_plan character varying(10) NOT NULL,
    hours_purchased numeric(5,1) NOT NULL,
    hours_consumed numeric(5,1) NOT NULL,
    is_active boolean NOT NULL,
    date date NOT NULL,
    cohort_id bigint NOT NULL,
    tariff_id bigint NOT NULL,
    student_id bigint NOT NULL,
    discount_id bigint,
    contract_code character varying(40)
);


ALTER TABLE public.students_enrollment OWNER TO yanis;

--
-- Name: students_enrollment_id_seq; Type: SEQUENCE; Schema: public; Owner: yanis
--

ALTER TABLE public.students_enrollment ALTER COLUMN id ADD GENERATED BY DEFAULT AS IDENTITY (
    SEQUENCE NAME public.students_enrollment_id_seq
    START WITH 1
    INCREMENT BY 1
    NO MINVALUE
    NO MAXVALUE
    CACHE 1
);


--
-- Name: students_student; Type: TABLE; Schema: public; Owner: yanis
--

CREATE TABLE public.students_student (
    id bigint NOT NULL,
    first_name character varying(100) NOT NULL,
    last_name character varying(100) NOT NULL,
    email character varying(254),
    phone character varying(20) NOT NULL,
    phone_2 character varying(20) NOT NULL,
    birth_date date,
    motivation text NOT NULL,
    student_code character varying(20),
    created_at timestamp with time zone NOT NULL,
    profile_picture character varying(100),
    id_card_front character varying(100),
    id_card_back character varying(100),
    sex character varying(1) NOT NULL
);


ALTER TABLE public.students_student OWNER TO yanis;

--
-- Name: students_student_id_seq; Type: SEQUENCE; Schema: public; Owner: yanis
--

ALTER TABLE public.students_student ALTER COLUMN id ADD GENERATED BY DEFAULT AS IDENTITY (
    SEQUENCE NAME public.students_student_id_seq
    START WITH 1
    INCREMENT BY 1
    NO MINVALUE
    NO MAXVALUE
    CACHE 1
);


--
-- Name: students_studentannualfee; Type: TABLE; Schema: public; Owner: yanis
--

CREATE TABLE public.students_studentannualfee (
    id bigint NOT NULL,
    amount integer NOT NULL,
    is_paid boolean NOT NULL,
    paid_at timestamp with time zone,
    note text NOT NULL,
    academic_year_id bigint NOT NULL,
    student_id bigint NOT NULL
);


ALTER TABLE public.students_studentannualfee OWNER TO yanis;

--
-- Name: students_studentannualfee_id_seq; Type: SEQUENCE; Schema: public; Owner: yanis
--

ALTER TABLE public.students_studentannualfee ALTER COLUMN id ADD GENERATED BY DEFAULT AS IDENTITY (
    SEQUENCE NAME public.students_studentannualfee_id_seq
    START WITH 1
    INCREMENT BY 1
    NO MINVALUE
    NO MAXVALUE
    CACHE 1
);


--
-- Name: tasks_category; Type: TABLE; Schema: public; Owner: yanis
--

CREATE TABLE public.tasks_category (
    id bigint NOT NULL,
    name character varying(100) NOT NULL,
    color character varying(7) NOT NULL,
    description text,
    created_at timestamp with time zone NOT NULL
);


ALTER TABLE public.tasks_category OWNER TO yanis;

--
-- Name: tasks_category_id_seq; Type: SEQUENCE; Schema: public; Owner: yanis
--

ALTER TABLE public.tasks_category ALTER COLUMN id ADD GENERATED BY DEFAULT AS IDENTITY (
    SEQUENCE NAME public.tasks_category_id_seq
    START WITH 1
    INCREMENT BY 1
    NO MINVALUE
    NO MAXVALUE
    CACHE 1
);


--
-- Name: tasks_task; Type: TABLE; Schema: public; Owner: yanis
--

CREATE TABLE public.tasks_task (
    id bigint NOT NULL,
    title character varying(200) NOT NULL,
    description text,
    priority character varying(10) NOT NULL,
    created_at timestamp with time zone NOT NULL,
    deadline date,
    completed_at timestamp with time zone,
    is_completed boolean NOT NULL,
    external_person_name character varying(200),
    external_person_phone character varying(20),
    notes text,
    created_by_id bigint,
    prospect_id bigint,
    student_id bigint,
    category_id bigint,
    scheduled_date date,
    assigned_to_id bigint
);


ALTER TABLE public.tasks_task OWNER TO yanis;

--
-- Name: tasks_task_id_seq; Type: SEQUENCE; Schema: public; Owner: yanis
--

ALTER TABLE public.tasks_task ALTER COLUMN id ADD GENERATED BY DEFAULT AS IDENTITY (
    SEQUENCE NAME public.tasks_task_id_seq
    START WITH 1
    INCREMENT BY 1
    NO MINVALUE
    NO MAXVALUE
    CACHE 1
);


--
-- Data for Name: academics_cohort; Type: TABLE DATA; Schema: public; Owner: yanis
--

COPY public.academics_cohort (id, name, start_date, end_date, teacher_hourly_rate, standard_price, schedule_generated, academic_year_id, substitute_teacher_id, teacher_id, level_id, subject_id, is_individual, modality, ramadan_start, ramadan_end, ramadan_teacher_hourly_rate, ramadan_end_time, ramadan_start_time) FROM stdin;
1	Japonais Niveau 1 (présentiel) - Nov 2025	2025-11-29	2026-02-14	750	16000	t	1	3	4	1	1	f	IN_PERSON	\N	\N	\N	\N	\N
3	Japonais Niveau 4 (en ligne) - Jan 2026	2026-01-07	2026-03-25	500	12000	t	1	\N	2	4	1	f	ONLINE	\N	\N	\N	\N	\N
4	Japonais Niveau 6 (en ligne) - Jan 2026	2026-01-14	2026-04-01	500	12000	t	1	\N	2	6	1	f	ONLINE	\N	\N	\N	\N	\N
5	Japonais Niveau 9 (présentiel) - Jan 2026	2026-01-09	2026-03-27	500	12000	t	1	\N	2	9	1	f	IN_PERSON	\N	\N	\N	\N	\N
8	Japonais Niveau 3 (individuel en ligne) - Déc 2025	2025-12-01	2025-12-31	750	12000	t	1	\N	2	3	1	t	ONLINE	\N	\N	\N	\N	\N
9	Japonais Niveau 1 (en ligne) - Oct 2025	2025-10-16	2026-01-08	750	16000	t	1	\N	2	1	1	f	ONLINE	\N	\N	\N	\N	\N
2	Japonais Niveau 3 (présentiel) - Jan 2026	2026-01-10	2026-03-28	500	12000	t	1	\N	3	3	1	f	IN_PERSON	2026-02-21	2026-03-14	\N	11:00:00	09:30:00
\.


--
-- Data for Name: academics_cohort_substitute_teachers; Type: TABLE DATA; Schema: public; Owner: yanis
--

COPY public.academics_cohort_substitute_teachers (id, cohort_id, user_id) FROM stdin;
\.


--
-- Data for Name: academics_coursesession; Type: TABLE DATA; Schema: public; Owner: yanis
--

COPY public.academics_coursesession (id, date, start_time, end_time, status, note, classroom_id, cohort_id, teacher_id, duration_override_minutes, planned_duration_minutes, teacher_hourly_rate_override) FROM stdin;
2	2026-01-10	11:00:00	13:00:00	SCHEDULED		1	1	4	\N	\N	\N
3	2026-01-17	11:00:00	13:00:00	SCHEDULED		1	1	4	\N	\N	\N
4	2026-01-24	11:00:00	13:00:00	SCHEDULED		1	1	4	\N	\N	\N
5	2026-01-31	11:00:00	13:00:00	SCHEDULED		1	1	4	\N	\N	\N
6	2026-02-07	11:00:00	13:00:00	SCHEDULED		1	1	4	\N	\N	\N
7	2026-02-14	11:00:00	13:00:00	SCHEDULED		1	1	4	\N	\N	\N
1	2026-01-03	11:00:00	13:00:00	COMPLETED		1	1	4	\N	\N	\N
8	2025-11-29	11:00:00	13:00:00	COMPLETED		1	1	4	\N	\N	\N
9	2025-12-06	11:00:00	13:00:00	COMPLETED		1	1	4	\N	\N	\N
10	2025-12-13	11:00:00	13:00:00	COMPLETED		1	1	4	\N	\N	\N
11	2025-12-20	11:00:00	13:00:00	COMPLETED		1	1	4	\N	\N	\N
12	2025-12-27	11:00:00	13:00:00	COMPLETED		1	1	4	\N	\N	\N
13	2026-01-07	19:00:00	21:00:00	SCHEDULED		2	3	2	\N	\N	\N
14	2026-01-14	19:00:00	21:00:00	SCHEDULED		2	3	2	\N	\N	\N
15	2026-01-21	19:00:00	21:00:00	SCHEDULED		2	3	2	\N	\N	\N
16	2026-01-28	19:00:00	21:00:00	SCHEDULED		2	3	2	\N	\N	\N
17	2026-02-04	19:00:00	21:00:00	SCHEDULED		2	3	2	\N	\N	\N
18	2026-02-11	19:00:00	21:00:00	SCHEDULED		2	3	2	\N	\N	\N
19	2026-02-18	19:00:00	21:00:00	SCHEDULED		2	3	2	\N	\N	\N
20	2026-02-25	19:00:00	21:00:00	SCHEDULED		2	3	2	\N	\N	\N
21	2026-03-04	19:00:00	21:00:00	SCHEDULED		2	3	2	\N	\N	\N
22	2026-03-11	19:00:00	21:00:00	SCHEDULED		2	3	2	\N	\N	\N
23	2026-03-18	19:00:00	21:00:00	SCHEDULED		2	3	2	\N	\N	\N
24	2026-03-25	19:00:00	21:00:00	SCHEDULED		2	3	2	\N	\N	\N
25	2026-01-09	10:00:00	12:00:00	SCHEDULED		1	5	2	\N	\N	\N
26	2026-01-16	10:00:00	12:00:00	SCHEDULED		1	5	2	\N	\N	\N
27	2026-01-23	10:00:00	12:00:00	SCHEDULED		1	5	2	\N	\N	\N
28	2026-01-30	10:00:00	12:00:00	SCHEDULED		1	5	2	\N	\N	\N
29	2026-02-06	10:00:00	12:00:00	SCHEDULED		1	5	2	\N	\N	\N
30	2026-02-13	10:00:00	12:00:00	SCHEDULED		1	5	2	\N	\N	\N
31	2026-02-20	10:00:00	12:00:00	SCHEDULED		1	5	2	\N	\N	\N
32	2026-02-27	10:00:00	12:00:00	SCHEDULED		1	5	2	\N	\N	\N
33	2026-03-06	10:00:00	12:00:00	SCHEDULED		1	5	2	\N	\N	\N
34	2026-03-13	10:00:00	12:00:00	SCHEDULED		1	5	2	\N	\N	\N
35	2026-03-20	10:00:00	12:00:00	SCHEDULED		1	5	2	\N	\N	\N
36	2026-03-27	10:00:00	12:00:00	SCHEDULED		1	5	2	\N	\N	\N
37	2025-12-01	17:45:00	18:45:00	COMPLETED		2	8	2	\N	60	\N
38	2025-12-03	17:45:00	18:45:00	COMPLETED		2	8	2	\N	60	\N
40	2025-12-10	17:45:00	18:45:00	COMPLETED		2	8	2	\N	60	\N
56	2025-12-18	19:00:00	21:00:00	COMPLETED		2	9	2	\N	120	\N
42	2025-12-17	17:45:00	18:45:00	COMPLETED		2	8	2	\N	60	\N
43	2025-12-22	17:45:00	18:45:00	COMPLETED		2	8	2	\N	60	\N
44	2025-12-24	17:45:00	18:45:00	COMPLETED		2	8	2	\N	60	\N
45	2025-12-29	17:45:00	18:45:00	COMPLETED		2	8	2	\N	60	\N
46	2025-12-31	17:45:00	18:45:00	COMPLETED		2	8	2	\N	60	\N
39	2025-12-08	17:45:00	18:45:00	CANCELLED		2	8	2	\N	60	\N
41	2025-12-15	17:45:00	18:45:00	CANCELLED		2	8	2	\N	60	\N
48	2025-10-23	19:00:00	21:00:00	COMPLETED		2	9	2	\N	120	\N
49	2025-10-30	19:00:00	21:00:00	COMPLETED		2	9	2	\N	120	\N
50	2025-11-06	19:00:00	21:00:00	COMPLETED		2	9	2	\N	120	\N
51	2025-11-13	19:00:00	21:00:00	COMPLETED		2	9	2	\N	120	\N
52	2025-11-20	19:00:00	21:00:00	COMPLETED		2	9	2	\N	120	\N
53	2025-11-27	19:00:00	21:00:00	COMPLETED		2	9	2	\N	120	\N
54	2025-12-04	19:00:00	21:00:00	COMPLETED		2	9	2	\N	120	\N
55	2025-12-11	19:00:00	21:00:00	COMPLETED		2	9	2	\N	120	\N
47	2025-10-16	19:00:00	21:00:00	COMPLETED		2	9	2	\N	120	\N
58	2026-01-01	19:00:00	21:00:00	COMPLETED		2	9	2	\N	120	\N
59	2026-01-08	19:00:00	21:00:00	COMPLETED		2	9	2	\N	120	\N
57	2025-12-25	19:00:00	21:00:00	CANCELLED		2	9	2	\N	120	\N
60	2026-01-10	09:00:00	11:00:00	SCHEDULED		1	2	3	\N	\N	\N
61	2026-01-17	09:00:00	11:00:00	SCHEDULED		1	2	3	\N	\N	\N
62	2026-01-24	09:00:00	11:00:00	SCHEDULED		1	2	3	\N	\N	\N
63	2026-01-31	09:00:00	11:00:00	SCHEDULED		1	2	3	\N	\N	\N
64	2026-02-07	09:00:00	11:00:00	SCHEDULED		1	2	3	\N	\N	\N
65	2026-02-14	09:00:00	11:00:00	SCHEDULED		1	2	3	\N	\N	\N
66	2026-02-21	09:00:00	11:00:00	SCHEDULED		1	2	3	\N	\N	\N
67	2026-02-28	09:00:00	11:00:00	SCHEDULED		1	2	3	\N	\N	\N
68	2026-03-07	09:00:00	11:00:00	SCHEDULED		1	2	3	\N	\N	\N
69	2026-03-14	09:00:00	11:00:00	SCHEDULED		1	2	3	\N	\N	\N
70	2026-03-21	09:00:00	11:00:00	SCHEDULED		1	2	3	\N	\N	\N
71	2026-03-28	09:00:00	11:00:00	SCHEDULED		1	2	3	\N	\N	\N
\.


--
-- Data for Name: academics_level; Type: TABLE DATA; Schema: public; Owner: yanis
--

COPY public.academics_level (id, name) FROM stdin;
1	Niveau 1
2	Niveau 2
3	Niveau 3
4	Niveau 4
5	Niveau 5
6	Niveau 6
7	Niveau 7
8	Niveau 8
9	Niveau 9
10	Niveau 10
\.


--
-- Data for Name: academics_subject; Type: TABLE DATA; Schema: public; Owner: yanis
--

COPY public.academics_subject (id, name) FROM stdin;
1	Japonais
2	Chinois
3	Coréen
\.


--
-- Data for Name: academics_weeklyschedule; Type: TABLE DATA; Schema: public; Owner: yanis
--

COPY public.academics_weeklyschedule (id, day_of_week, start_time, end_time, classroom_id, cohort_id) FROM stdin;
1	5	11:00:00	13:00:00	1	1
2	5	09:00:00	11:00:00	1	2
3	2	19:00:00	21:00:00	2	3
4	2	19:00:00	21:00:00	2	4
5	4	10:00:00	12:00:00	1	5
6	0	17:45:00	18:45:00	2	8
7	2	17:45:00	18:45:00	2	8
8	3	19:00:00	21:00:00	2	9
\.


--
-- Data for Name: auth_group; Type: TABLE DATA; Schema: public; Owner: yanis
--

COPY public.auth_group (id, name) FROM stdin;
\.


--
-- Data for Name: auth_group_permissions; Type: TABLE DATA; Schema: public; Owner: yanis
--

COPY public.auth_group_permissions (id, group_id, permission_id) FROM stdin;
\.


--
-- Data for Name: auth_permission; Type: TABLE DATA; Schema: public; Owner: yanis
--

COPY public.auth_permission (id, name, content_type_id, codename) FROM stdin;
1	Can add log entry	1	add_logentry
2	Can change log entry	1	change_logentry
3	Can delete log entry	1	delete_logentry
4	Can view log entry	1	view_logentry
5	Can add permission	3	add_permission
6	Can change permission	3	change_permission
7	Can delete permission	3	delete_permission
8	Can view permission	3	view_permission
9	Can add group	2	add_group
10	Can change group	2	change_group
11	Can delete group	2	delete_group
12	Can view group	2	view_group
13	Can add content type	4	add_contenttype
14	Can change content type	4	change_contenttype
15	Can delete content type	4	delete_contenttype
16	Can view content type	4	view_contenttype
17	Can add session	5	add_session
18	Can change session	5	change_session
19	Can delete session	5	delete_session
20	Can view session	5	view_session
21	Can add user	9	add_user
22	Can change user	9	change_user
23	Can delete user	9	delete_user
24	Can view user	9	view_user
25	Can add academic year	6	add_academicyear
26	Can change academic year	6	change_academicyear
27	Can delete academic year	6	delete_academicyear
28	Can view academic year	6	view_academicyear
29	Can add classroom	7	add_classroom
30	Can change classroom	7	change_classroom
31	Can delete classroom	7	delete_classroom
32	Can view classroom	7	view_classroom
33	Can add Profil Professeur	8	add_teacherprofile
34	Can change Profil Professeur	8	change_teacherprofile
35	Can delete Profil Professeur	8	delete_teacherprofile
36	Can view Profil Professeur	8	view_teacherprofile
37	Can add subject	13	add_subject
38	Can change subject	13	change_subject
39	Can delete subject	13	delete_subject
40	Can view subject	13	view_subject
41	Can add level	12	add_level
42	Can change level	12	change_level
43	Can delete level	12	delete_level
44	Can view level	12	view_level
45	Can add cohort	10	add_cohort
46	Can change cohort	10	change_cohort
47	Can delete cohort	10	delete_cohort
48	Can view cohort	10	view_cohort
49	Can add weekly schedule	14	add_weeklyschedule
50	Can change weekly schedule	14	change_weeklyschedule
51	Can delete weekly schedule	14	delete_weeklyschedule
52	Can view weekly schedule	14	view_weeklyschedule
53	Can add course session	11	add_coursesession
54	Can change course session	11	change_coursesession
55	Can delete course session	11	delete_coursesession
56	Can view course session	11	view_coursesession
57	Can add student	17	add_student
58	Can change student	17	change_student
59	Can delete student	17	delete_student
60	Can view student	17	view_student
61	Can add enrollment	16	add_enrollment
62	Can change enrollment	16	change_enrollment
63	Can delete enrollment	16	delete_enrollment
64	Can view enrollment	16	view_enrollment
65	Can add attendance	15	add_attendance
66	Can change attendance	15	change_attendance
67	Can delete attendance	15	delete_attendance
68	Can view attendance	15	view_attendance
69	Can add Frais d'inscription annuel	18	add_studentannualfee
70	Can change Frais d'inscription annuel	18	change_studentannualfee
71	Can delete Frais d'inscription annuel	18	delete_studentannualfee
72	Can view Frais d'inscription annuel	18	view_studentannualfee
73	Can add tariff	22	add_tariff
74	Can change tariff	22	change_tariff
75	Can delete tariff	22	delete_tariff
76	Can view tariff	22	view_tariff
77	Can add payment	21	add_payment
78	Can change payment	21	change_payment
79	Can delete payment	21	delete_payment
80	Can view payment	21	view_payment
81	Can add installment	20	add_installment
82	Can change installment	20	change_installment
83	Can delete installment	20	delete_installment
84	Can view installment	20	view_installment
85	Can add discount	19	add_discount
86	Can change discount	19	change_discount
87	Can delete discount	19	delete_discount
88	Can view discount	19	view_discount
89	Can add Paiement Professeur	24	add_teacherpayment
90	Can change Paiement Professeur	24	change_teacherpayment
91	Can delete Paiement Professeur	24	delete_teacherpayment
92	Can view Paiement Professeur	24	view_teacherpayment
93	Can add Paiement Professeur par Cohort	23	add_teachercohortpayment
94	Can change Paiement Professeur par Cohort	23	change_teachercohortpayment
95	Can delete Paiement Professeur par Cohort	23	delete_teachercohortpayment
96	Can view Paiement Professeur par Cohort	23	view_teachercohortpayment
97	Can add Catégorie de caisse	25	add_cashcategory
98	Can change Catégorie de caisse	25	change_cashcategory
99	Can delete Catégorie de caisse	25	delete_cashcategory
100	Can view Catégorie de caisse	25	view_cashcategory
101	Can add Transaction de caisse	26	add_cashtransaction
102	Can change Transaction de caisse	26	change_cashtransaction
103	Can delete Transaction de caisse	26	delete_cashtransaction
104	Can view Transaction de caisse	26	view_cashtransaction
105	Can add Campagne d'Email	27	add_emailcampaign
106	Can change Campagne d'Email	27	change_emailcampaign
107	Can delete Campagne d'Email	27	delete_emailcampaign
108	Can view Campagne d'Email	27	view_emailcampaign
109	Can add Catégorie d'articles	29	add_itemcategory
110	Can change Catégorie d'articles	29	change_itemcategory
111	Can delete Catégorie d'articles	29	delete_itemcategory
112	Can view Catégorie d'articles	29	view_itemcategory
113	Can add Article d'inventaire	28	add_inventoryitem
114	Can change Article d'inventaire	28	change_inventoryitem
115	Can delete Article d'inventaire	28	delete_inventoryitem
116	Can view Article d'inventaire	28	view_inventoryitem
117	Can add Liste d'achat	30	add_shoppinglist
118	Can change Liste d'achat	30	change_shoppinglist
119	Can delete Liste d'achat	30	delete_shoppinglist
120	Can view Liste d'achat	30	view_shoppinglist
121	Can add Article de liste d'achat	31	add_shoppinglistitem
122	Can change Article de liste d'achat	31	change_shoppinglistitem
123	Can delete Article de liste d'achat	31	delete_shoppinglistitem
124	Can view Article de liste d'achat	31	view_shoppinglistitem
125	Can add Prospect	32	add_prospect
126	Can change Prospect	32	change_prospect
127	Can delete Prospect	32	delete_prospect
128	Can view Prospect	32	view_prospect
129	Can add Historique d'import	33	add_uploadhistory
130	Can change Historique d'import	33	change_uploadhistory
131	Can delete Historique d'import	33	delete_uploadhistory
132	Can view Historique d'import	33	view_uploadhistory
133	Can add Sync Log	34	add_synclog
134	Can change Sync Log	34	change_synclog
135	Can delete Sync Log	34	delete_synclog
136	Can view Sync Log	34	view_synclog
137	Can add Tâche	35	add_task
138	Can change Tâche	35	change_task
139	Can delete Tâche	35	delete_task
140	Can view Tâche	35	view_task
141	Can add Catégorie	36	add_category
142	Can change Catégorie	36	change_category
143	Can delete Catégorie	36	delete_category
144	Can view Catégorie	36	view_category
\.


--
-- Data for Name: cash_cashcategory; Type: TABLE DATA; Schema: public; Owner: yanis
--

COPY public.cash_cashcategory (id, name, description, current_amount, created_at, last_reset, is_total) FROM stdin;
4	Monnaie	L'argent qui se trouve dans le porte monnaie	400	2026-01-13 10:45:05.488693+01	\N	f
5	Caisse principale	Argent sans la monnaie	41000	2026-01-13 11:00:25.858207+01	\N	f
1	TOTAL	Total automatique de toutes les catégories	41400	2025-12-25 12:12:17.031068+01	\N	t
\.


--
-- Data for Name: cash_cashtransaction; Type: TABLE DATA; Schema: public; Owner: yanis
--

COPY public.cash_cashtransaction (id, transaction_type, amount, note, created_at, amount_before, amount_after, category_id, created_by_id) FROM stdin;
2	SET	1600	Mise à jour automatique du total	2026-01-07 11:10:23.079875+01	0	1600	1	\N
3	SET	0	Mise à jour automatique du total	2026-01-13 10:42:50.04154+01	1600	0	1	\N
4	ADD	400		2026-01-13 10:45:53.04423+01	0	400	4	1
5	SET	400	Mise à jour automatique du total	2026-01-13 10:45:53.059508+01	0	400	1	\N
6	SET	53000	Montant initial	2026-01-13 11:00:25.983295+01	0	53000	5	1
7	SET	53400	Mise à jour automatique du total	2026-01-13 11:00:26.008403+01	400	53400	1	\N
8	REMOVE	12000	Paiement Nour, niveau 1 jeudi et Rahma individuel 8h (1 mois)	2026-01-13 13:43:48.157247+01	53000	41000	5	1
9	SET	41400	Mise à jour automatique du total	2026-01-13 13:43:48.170384+01	53400	41400	1	\N
\.


--
-- Data for Name: core_academicyear; Type: TABLE DATA; Schema: public; Owner: yanis
--

COPY public.core_academicyear (id, label, start_date, end_date, is_current, registration_fee_amount) FROM stdin;
1	2025-2026	2025-09-01	2026-08-31	t	1000.00
\.


--
-- Data for Name: core_classroom; Type: TABLE DATA; Schema: public; Owner: yanis
--

COPY public.core_classroom (id, name, capacity) FROM stdin;
1	Salle 3	15
2	Online	15
\.


--
-- Data for Name: core_teacherprofile; Type: TABLE DATA; Schema: public; Owner: yanis
--

COPY public.core_teacherprofile (id, preferred_payment_method, bank_details, tax_id, notes, created_at, updated_at, user_id, payment_frequency) FROM stdin;
1	CASH				2026-01-06 11:11:55.233444+01	2026-01-06 11:11:55.233459+01	2	MONTHLY
2	CASH				2026-01-06 11:13:06.811943+01	2026-01-06 11:13:06.811954+01	3	MONTHLY
3	CASH				2026-01-06 11:15:05.447148+01	2026-01-06 11:15:05.44716+01	4	MONTHLY
4	CASH				2026-01-08 09:30:47.655932+01	2026-01-08 09:30:47.655944+01	6	MONTHLY
5	CASH				2026-01-08 09:34:12.488555+01	2026-01-08 09:34:12.488565+01	7	MONTHLY
\.


--
-- Data for Name: core_user; Type: TABLE DATA; Schema: public; Owner: yanis
--

COPY public.core_user (id, password, last_login, is_superuser, username, first_name, last_name, email, is_staff, is_active, date_joined, is_teacher, is_admin, phone, profile_picture, birth_date) FROM stdin;
1	pbkdf2_sha256$1200000$xvQ5MvtvGxU33mK3AR5bck$ySuektRQW7eyeRFs8KBcbArv+9OUlIuwJbh78Fzw+y0=	2026-01-15 11:54:57.449229+01	t	administration			smm.torii@gmail.com	t	t	2025-12-25 11:16:59+01	f	f			\N
4	pbkdf2_sha256$1200000$oRfImV43wQoXYB7hKMT1RU$EbQsPmT8HHO19TyJM90rchww0r53GH8TVIeFWlqsahY=	2026-01-07 11:13:59.823131+01	f	yanissensei	Yanis	Barbara	barbarayanis14@gmail.com	f	t	2026-01-06 11:15:04.354774+01	t	f			\N
6	pbkdf2_sha256$1200000$JRBV8j4TUN8EerirELUxMd$Ft3pStGgifp3cdvL9/yzwb/szFSDozQIoDKyW//Bds8=	\N	f	fairouzlaoshi	Fairouz	Merrouche	test@torii.com	f	t	2026-01-08 09:30:46.641541+01	t	f			\N
7	pbkdf2_sha256$1200000$nRmQqvoQKJwZGBisW1C9Vu$Ln8u4CYCJ3eG52cxMHvsFe7bs/FiYp/XYr69p5x9/o8=	\N	f	aminesensei	Mohamed Amine	Baadj	institut.torii@gmail.com	f	t	2026-01-08 09:34:11.485582+01	t	f			\N
2	pbkdf2_sha256$1200000$s7KpxLxIzgmaRLGR2JKaaD$VM50EoMSUOlXqeIq2bsEemAgav++GJEUYjShRBmto/8=	2026-01-08 15:13:25.555602+01	f	noursensei	Nour El Houda	Lazib	nounalaz1@gmail.com	f	t	2026-01-06 11:11:54.157021+01	t	f			\N
3	pbkdf2_sha256$1200000$PsWt5F58LcgFDL0v54VxBl$eOXDlwGHlaYtpC4dywaO/jj68FAtJ3ofT6GDxr2ptuI=	2026-01-13 10:16:09.585174+01	f	hassinasensei	Hassina	Medjaouri	hassinasina23@gmail.com	f	t	2026-01-06 11:13:05.794422+01	t	f			\N
\.


--
-- Data for Name: core_user_groups; Type: TABLE DATA; Schema: public; Owner: yanis
--

COPY public.core_user_groups (id, user_id, group_id) FROM stdin;
\.


--
-- Data for Name: core_user_user_permissions; Type: TABLE DATA; Schema: public; Owner: yanis
--

COPY public.core_user_user_permissions (id, user_id, permission_id) FROM stdin;
\.


--
-- Data for Name: django_admin_log; Type: TABLE DATA; Schema: public; Owner: yanis
--

COPY public.django_admin_log (id, action_time, object_id, object_repr, action_flag, change_message, content_type_id, user_id) FROM stdin;
1	2026-01-06 11:05:54.783943+01	1	Japonais	1	[{"added": {}}]	13	1
2	2026-01-06 11:05:59.982967+01	2	Chinois	1	[{"added": {}}]	13	1
3	2026-01-06 11:06:03.252305+01	3	Coréen	1	[{"added": {}}]	13	1
4	2026-01-06 11:06:52.392406+01	1	Niveau 1	1	[{"added": {}}]	12	1
5	2026-01-06 11:06:58.239996+01	2	Niveau 2	1	[{"added": {}}]	12	1
6	2026-01-06 11:07:02.938565+01	3	Niveau 3	1	[{"added": {}}]	12	1
7	2026-01-06 11:07:07.12579+01	4	Niveau 4	1	[{"added": {}}]	12	1
8	2026-01-06 11:07:12.394216+01	5	Niveau 5	1	[{"added": {}}]	12	1
9	2026-01-06 11:07:18.359616+01	6	Niveau 6	1	[{"added": {}}]	12	1
10	2026-01-06 11:07:21.9335+01	7	Niveau 7	1	[{"added": {}}]	12	1
11	2026-01-06 11:07:25.507877+01	8	Niveau 8	1	[{"added": {}}]	12	1
12	2026-01-06 11:07:29.253693+01	9	Niveau 9	1	[{"added": {}}]	12	1
13	2026-01-06 11:07:33.858216+01	10	Niveau 10	1	[{"added": {}}]	12	1
14	2026-01-06 11:14:12.896714+01	1	  (administration)	2	[{"changed": {"fields": ["Username", "Email address"]}}]	9	1
15	2026-01-06 11:20:45.186377+01	1	Salle 3	1	[{"added": {}}]	7	1
16	2026-01-06 11:20:54.260107+01	1	Japonais Niveau 1 (présentiel) - Déc 2025	1	[{"added": {}}, {"added": {"name": "weekly schedule", "object": "WeeklySchedule object (1)"}}]	10	1
17	2026-01-06 11:26:00.31741+01	2	Japonais Niveau 3 (présentiel) - Jan 2026	1	[{"added": {}}, {"added": {"name": "weekly schedule", "object": "WeeklySchedule object (2)"}}]	10	1
18	2026-01-06 11:32:48.163744+01	1	Japonais Niveau 1 (présentiel) - Nov 2025	2	[{"changed": {"fields": ["Start date"]}}]	10	1
19	2026-01-08 09:28:52.363766+01	5	  (fairouzlaoshi)	1	[{"added": {}}]	9	1
20	2026-01-08 09:29:46.006716+01	5	  (fairouzlaoshi)	3		9	1
21	2026-01-08 09:33:09.108223+01	78	BAADJ mohamed	3		17	1
22	2026-01-08 09:57:31.237446+01	2	Online	1	[{"added": {}}]	7	1
23	2026-01-08 09:57:37.520527+01	3	Japonais Niveau 4 (présentiel) - Jan 2026	1	[{"added": {}}, {"added": {"name": "weekly schedule", "object": "WeeklySchedule object (3)"}}]	10	1
24	2026-01-08 10:05:23.300141+01	3	Japonais Niveau 4 (en ligne) - Jan 2026	2	[{"changed": {"fields": ["Modalit\\u00e9"]}}]	10	1
25	2026-01-08 10:09:14.032506+01	4	Japonais Niveau 6 (en ligne) - Jan 2026	1	[{"added": {}}, {"added": {"name": "weekly schedule", "object": "WeeklySchedule object (4)"}}]	10	1
26	2026-01-08 10:27:12.13123+01	10	BENALI Ines -> Japonais Niveau 4 (en ligne) - Jan 2026 (Totalité (Une fois))	2	[{"changed": {"name": "payment", "object": "12 000 DA - BENALI Ines -> Japonais Niveau 4 (en ligne) - Jan 2026 (Totalit\\u00e9 (Une fois))", "fields": ["Method"]}}]	16	1
28	2026-01-08 14:28:26.169223+01	5	Japonais Niveau 9 (présentiel) - Jan 2026	1	[{"added": {}}]	10	1
27	2026-01-08 14:28:26.166054+01	7	Japonais Niveau 9 (présentiel) - Jan 2026	1	[{"added": {}}]	10	1
29	2026-01-08 14:28:26.171756+01	6	Japonais Niveau 9 (présentiel) - Jan 2026	1	[{"added": {}}]	10	1
30	2026-01-08 14:28:52.591739+01	7	Japonais Niveau 9 (présentiel) - Jan 2026	3		10	1
31	2026-01-08 14:28:52.591778+01	6	Japonais Niveau 9 (présentiel) - Jan 2026	3		10	1
32	2026-01-08 14:32:05.666263+01	5	Japonais Niveau 9 (présentiel) - Jan 2026	2	[{"added": {"name": "weekly schedule", "object": "WeeklySchedule object (5)"}}]	10	1
33	2026-01-08 14:32:43.587189+01	5	Japonais Niveau 9 (présentiel) - Jan 2026	2	[{"changed": {"fields": ["Schedule generated"]}}]	10	1
34	2026-01-13 11:16:07.112167+01	8	Japonais Niveau 3 (individuel en ligne) - Déc 2025	1	[{"added": {}}, {"added": {"name": "weekly schedule", "object": "WeeklySchedule object (6)"}}, {"added": {"name": "weekly schedule", "object": "WeeklySchedule object (7)"}}]	10	1
35	2026-01-13 11:16:19.116369+01	8	Japonais Niveau 3 (individuel en ligne) - Déc 2025	2	[{"changed": {"fields": ["Schedule generated"]}}]	10	1
36	2026-01-13 13:22:22.288201+01	9	Japonais Niveau 1 (en ligne) - Oct 2025	1	[{"added": {}}, {"added": {"name": "weekly schedule", "object": "WeeklySchedule object (8)"}}]	10	1
37	2026-01-13 13:27:27.656704+01	8	Japonais Niveau 3 (individuel en ligne) - Déc 2025	2	[{"changed": {"name": "course session", "object": "Japonais Niveau 3 (individuel en ligne) - D\\u00e9c 2025 - 2025-12-08 (Annul\\u00e9)", "fields": ["Status"]}}, {"changed": {"name": "course session", "object": "Japonais Niveau 3 (individuel en ligne) - D\\u00e9c 2025 - 2025-12-15 (Annul\\u00e9)", "fields": ["Status"]}}]	10	1
38	2026-01-13 13:36:34.061505+01	9	Japonais Niveau 1 (en ligne) - Oct 2025	2	[{"changed": {"name": "course session", "object": "Japonais Niveau 1 (en ligne) - Oct 2025 - 2025-12-25 (Annul\\u00e9)", "fields": ["Status"]}}]	10	1
39	2026-01-15 10:40:30.217274+01	8	Refaire un niveau (0 DA)	1	[{"added": {}}]	22	1
\.


--
-- Data for Name: django_content_type; Type: TABLE DATA; Schema: public; Owner: yanis
--

COPY public.django_content_type (id, app_label, model) FROM stdin;
1	admin	logentry
2	auth	group
3	auth	permission
4	contenttypes	contenttype
5	sessions	session
6	core	academicyear
7	core	classroom
8	core	teacherprofile
9	core	user
10	academics	cohort
11	academics	coursesession
12	academics	level
13	academics	subject
14	academics	weeklyschedule
15	students	attendance
16	students	enrollment
17	students	student
18	students	studentannualfee
19	finance	discount
20	finance	installment
21	finance	payment
22	finance	tariff
23	finance	teachercohortpayment
24	finance	teacherpayment
25	cash	cashcategory
26	cash	cashtransaction
27	emails	emailcampaign
28	inventory	inventoryitem
29	inventory	itemcategory
30	inventory	shoppinglist
31	inventory	shoppinglistitem
32	prospects	prospect
33	prospects	uploadhistory
34	documents	synclog
35	tasks	task
36	tasks	category
\.


--
-- Data for Name: django_migrations; Type: TABLE DATA; Schema: public; Owner: yanis
--

COPY public.django_migrations (id, app, name, applied) FROM stdin;
1	contenttypes	0001_initial	2025-12-16 10:38:29.566954+01
2	contenttypes	0002_remove_content_type_name	2025-12-16 10:38:29.584978+01
3	auth	0001_initial	2025-12-16 10:38:29.64522+01
4	auth	0002_alter_permission_name_max_length	2025-12-16 10:38:29.65051+01
5	auth	0003_alter_user_email_max_length	2025-12-16 10:38:29.654684+01
6	auth	0004_alter_user_username_opts	2025-12-16 10:38:29.661189+01
7	auth	0005_alter_user_last_login_null	2025-12-16 10:38:29.66863+01
8	auth	0006_require_contenttypes_0002	2025-12-16 10:38:29.670082+01
9	auth	0007_alter_validators_add_error_messages	2025-12-16 10:38:29.675614+01
10	auth	0008_alter_user_username_max_length	2025-12-16 10:38:29.682643+01
11	auth	0009_alter_user_last_name_max_length	2025-12-16 10:38:29.687909+01
12	auth	0010_alter_group_name_max_length	2025-12-16 10:38:29.700223+01
13	auth	0011_update_proxy_permissions	2025-12-16 10:38:29.70548+01
14	auth	0012_alter_user_first_name_max_length	2025-12-16 10:38:29.712791+01
15	core	0001_initial	2025-12-16 10:38:29.784199+01
16	academics	0001_initial	2025-12-16 10:38:29.812264+01
17	academics	0002_initial	2025-12-16 10:38:29.910487+01
18	academics	0003_alter_cohort_standard_price_and_more	2025-12-16 10:38:29.952907+01
19	admin	0001_initial	2025-12-16 10:38:29.992757+01
20	admin	0002_logentry_remove_auto_add	2025-12-16 10:38:30.004742+01
21	admin	0003_logentry_add_action_flag_choices	2025-12-16 10:38:30.02009+01
22	core	0002_teacherprofile	2025-12-16 10:38:30.046288+01
23	core	0003_user_profile_picture	2025-12-16 10:38:30.058982+01
24	core	0004_user_birth_date	2025-12-16 10:38:30.071545+01
25	finance	0001_initial	2025-12-16 10:38:30.100033+01
26	students	0001_initial	2025-12-16 10:38:30.221972+01
27	finance	0002_initial	2025-12-16 10:38:30.345993+01
28	finance	0003_teacherpayment	2025-12-16 10:38:30.399008+01
29	finance	0004_alter_discount_value_alter_installment_amount_and_more	2025-12-16 10:38:30.476152+01
30	sessions	0001_initial	2025-12-16 10:38:30.49838+01
31	students	0002_student_profile_picture	2025-12-16 10:38:30.509818+01
32	students	0003_enrollment_discount	2025-12-16 11:01:05.713062+01
33	cash	0001_initial	2025-12-16 12:19:01.48295+01
34	cash	0002_alter_cashcategory_options_cashcategory_is_total	2025-12-16 12:49:50.060319+01
35	cash	0003_alter_cashtransaction_transaction_type	2025-12-16 12:57:09.298429+01
36	core	0005_teacherprofile_payment_frequency	2025-12-16 13:19:16.420667+01
37	finance	0005_teachercohortpayment	2025-12-16 13:19:16.542501+01
38	finance	0006_teachercohortpayment_unique_cohort_payment_entry	2025-12-16 14:07:15.890763+01
39	students	0004_student_id_cards	2025-12-16 16:29:22.990445+01
40	students	0005_studentannualfee	2025-12-18 09:35:46.721386+01
41	academics	0004_cohort_is_individual_cohort_modality	2025-12-18 09:50:17.956118+01
42	academics	0005_coursesession_duration_override_minutes	2025-12-18 10:57:43.647299+01
49	prospects	0001_initial	2025-12-23 11:06:38.728728+01
50	academics	0006_alter_cohort_name	2025-12-23 14:05:56.049311+01
51	academics	0007_alter_cohort_academic_year	2025-12-23 14:08:51.430282+01
52	academics	0008_ramadan_fields	2025-12-23 16:15:59.16591+01
53	academics	0009_ramadan_times	2025-12-23 16:15:59.264443+01
54	academics	0010_remove_cohort_ramadan_actual_minutes_and_more	2025-12-23 16:26:40.986211+01
55	academics	0010_cohort_substitute_teachers	2025-12-23 16:36:15.28629+01
56	academics	0011_merge_20251223_1635	2025-12-23 16:36:15.291441+01
57	academics	0012_alter_cohort_substitute_teacher	2025-12-25 09:19:52.348823+01
58	core	0006_academicyear_registration_fee_amount	2025-12-25 09:19:52.629699+01
61	documents	0001_initial	2025-12-25 14:24:04.671086+01
62	finance	0007_payment_receipt	2026-01-08 10:21:09.058123+01
64	tasks	0002_category_task_category	2026-01-10 14:46:49.114921+01
66	tasks	0004_task_assigned_to	2026-01-10 15:49:32.743809+01
68	students	0009_fix_student_code_nullable	2026-01-15 10:26:19.066811+01
43	emails	0001_initial	2025-12-23 10:19:51.396436+01
44	emails	0002_emailcampaign_recipient_details	2025-12-23 10:19:51.435287+01
45	inventory	0001_initial	2025-12-23 10:19:51.551401+01
46	students	0006_enrollment_contract_code	2025-12-23 10:19:51.579077+01
47	students	0007_backfill_contract_codes	2025-12-23 10:19:51.630138+01
48	students	0008_student_sex	2025-12-23 10:19:51.638425+01
63	tasks	0001_initial	2026-01-10 14:25:04.670849+01
65	tasks	0003_task_scheduled_date_alter_task_deadline	2026-01-10 15:27:12.342349+01
67	academics	0013_coursesession_teacher_hourly_rate_override	2026-01-15 08:55:56.06404+01
59	prospects	0002_uploadhistory	2025-12-25 10:57:26.895141+01
60	prospects	0003_uploadhistory_created_data_and_more	2025-12-25 11:00:21.152639+01
\.


--
-- Data for Name: django_session; Type: TABLE DATA; Schema: public; Owner: yanis
--

COPY public.django_session (session_key, session_data, expire_date) FROM stdin;
n3ojqufv5d3u8vw2z1kb9xxmfq36wqap	.eJxVjEEOwiAQAP-yZ0NKgYX26N03ENjdStWUpLQn499Nkx70OjOZN8S0byXuTdY4M4yg4fLLcqKnLIfgR1ruVVFdtnXO6kjUaZu6VZbX9Wz_BiW1AiOgkKah004H70msT1MO2TJiFzJpMgYtO-MRGUkc9U6MYE-Egd1kB_h8AeCXN-U:1vd6fS:WuH5WjvUfs-9U8SUshFsmX3M1Wpn2G_a7gJlX-7vwDg	2026-01-20 14:00:10.096052+01
93tkbbdtofmwuc0s41j7flgr12iaa3v2	.eJxVjEEOwiAQAP-yZ0NKgYX26N03ENjdStWUpLQn499Nkx70OjOZN8S0byXuTdY4M4yg4fLLcqKnLIfgR1ruVVFdtnXO6kjUaZu6VZbX9Wz_BiW1AiOgkKah004H70msT1MO2TJiFzJpMgYtO-MRGUkc9U6MYE-Egd1kB_h8AeCXN-U:1vdQ78:3sV4ndCltOL_2ICtp0M3YGvVvQwmoXL305qr8TlGMKQ	2026-01-21 10:46:02.435898+01
bmpp3z57w9v1wyj75em1m1xnz5v7282g	.eJxVjEEOwiAQAP-yZ0NKgYX26N03ENjdStWUpLQn499Nkx70OjOZN8S0byXuTdY4M4yg4fLLcqKnLIfgR1ruVVFdtnXO6kjUaZu6VZbX9Wz_BiW1AiOgkKah004H70msT1MO2TJiFzJpMgYtO-MRGUkc9U6MYE-Egd1kB_h8AeCXN-U:1vdruR:aupg6d6OwPZ5s8xXdBBNIq3-9Sm3sHMiB05Kb4bPSCI	2026-01-22 16:26:47.388506+01
ijsudbsj0a8zj56m8t5oh4c1ew294pkf	.eJxVjEEOwiAQAP-yZ0NKgYX26N03ENjdStWUpLQn499Nkx70OjOZN8S0byXuTdY4M4yg4fLLcqKnLIfgR1ruVVFdtnXO6kjUaZu6VZbX9Wz_BiW1AiOgkKah004H70msT1MO2TJiFzJpMgYtO-MRGUkc9U6MYE-Egd1kB_h8AeCXN-U:1veTbL:GojzjH_a5PQORnmEqeIFkAdBB-IYdSb2FCHR_rkF7J4	2026-01-24 08:41:35.035669+01
13wp9ci7jt6ut8me76oo9vbk1sibi59m	.eJxVjEEOwiAQAP-yZ0NKgYX26N03ENjdStWUpLQn499Nkx70OjOZN8S0byXuTdY4M4yg4fLLcqKnLIfgR1ruVVFdtnXO6kjUaZu6VZbX9Wz_BiW1AiOgkKah004H70msT1MO2TJiFzJpMgYtO-MRGUkc9U6MYE-Egd1kB_h8AeCXN-U:1veUCX:tZMLmeNfq4QAwlu8z8G9K88XdLb8qkpqvDJ7UNfBjB8	2026-01-24 09:20:01.900617+01
6her2x88g7o6hum0g312vvaqurjnkw2i	.eJxVjEEOwiAQAP-yZ0NKgYX26N03ENjdStWUpLQn499Nkx70OjOZN8S0byXuTdY4M4yg4fLLcqKnLIfgR1ruVVFdtnXO6kjUaZu6VZbX9Wz_BiW1AiOgkKah004H70msT1MO2TJiFzJpMgYtO-MRGUkc9U6MYE-Egd1kB_h8AeCXN-U:1veYLD:aM6f-t0yg2JbYIo8je5bXWN7k0D3in9dwhAFLJjGm7U	2026-01-24 13:45:15.536797+01
7r3r8m09c4sy1jej0eoereckzf4259dx	.eJxVjEEOwiAQAP-yZ0NKgYX26N03ENjdStWUpLQn499Nkx70OjOZN8S0byXuTdY4M4yg4fLLcqKnLIfgR1ruVVFdtnXO6kjUaZu6VZbX9Wz_BiW1AiOgkKah004H70msT1MO2TJiFzJpMgYtO-MRGUkc9U6MYE-Egd1kB_h8AeCXN-U:1vfaWS:hOhhNyjmdpQdIC0QEgATLr38Nq4QFY6XO9FV62qTwZA	2026-01-27 10:17:08.241917+01
a0qmhq6ndpcpxb82qvm5nm2ps2glcwea	.eJxVjEEOwiAQAP-yZ0NKgYX26N03ENjdStWUpLQn499Nkx70OjOZN8S0byXuTdY4M4yg4fLLcqKnLIfgR1ruVVFdtnXO6kjUaZu6VZbX9Wz_BiW1AiOgkKah004H70msT1MO2TJiFzJpMgYtO-MRGUkc9U6MYE-Egd1kB_h8AeCXN-U:1vfb9d:IIsjUPZCzUiyX5i2x9q89nlvY65OulFhzthRUF49fsk	2026-01-27 10:57:37.723186+01
m9gfrnca95ct7yb982d82dfs3l5x07j1	.eJxVjEEOwiAQAP-yZ0NKgYX26N03ENjdStWUpLQn499Nkx70OjOZN8S0byXuTdY4M4yg4fLLcqKnLIfgR1ruVVFdtnXO6kjUaZu6VZbX9Wz_BiW1AiOgkKah004H70msT1MO2TJiFzJpMgYtO-MRGUkc9U6MYE-Egd1kB_h8AeCXN-U:1vfb9d:IIsjUPZCzUiyX5i2x9q89nlvY65OulFhzthRUF49fsk	2026-01-27 10:57:37.723791+01
\.


--
-- Data for Name: documents_synclog; Type: TABLE DATA; Schema: public; Owner: yanis
--

COPY public.documents_synclog (id, "timestamp", backup_created, backup_path, backup_message, stats_json, summary, error_count, errors_json, user_id) FROM stdin;
1	2025-12-25 14:26:28.597987+01	t	C:\\Users\\Social Media Manager\\Documents\\codes\\school_management\\backups_local\\auto_sync_backups\\pre_sync_backup_20251225_142627.sql	✅ Sauvegarde créée: 0.14 MB	{"errors": [], "backup_path": "C:\\\\Users\\\\Social Media Manager\\\\Documents\\\\codes\\\\school_management\\\\backups_local\\\\auto_sync_backups\\\\pre_sync_backup_20251225_142627.sql", "levels_added": 0, "cohorts_added": 0, "tariffs_added": 0, "backup_created": true, "backup_message": "✅ Sauvegarde créée: 0.14 MB", "levels_updated": 0, "sessions_added": 0, "students_added": 0, "subjects_added": 0, "cohorts_updated": 0, "discounts_added": 0, "presences_added": 0, "tariffs_updated": 0, "sessions_deleted": 0, "sessions_updated": 0, "students_updated": 0, "subjects_updated": 0, "discounts_updated": 0, "enrollments_added": 0, "presences_updated": 0, "enrollments_deleted": 0, "enrollments_updated": 0, "paiements_profs_added": 0, "paiements_profs_updated": 0, "paiements_etudiants_added": 0, "paiements_etudiants_updated": 0}		0	[]	1
\.


--
-- Data for Name: emails_emailcampaign; Type: TABLE DATA; Schema: public; Owner: yanis
--

COPY public.emails_emailcampaign (id, title, recipient_type, subject, message, attachment, sent_at, total_recipients, success_count, failure_count, recipient_emails, cohort_id, sent_by_id, recipient_details) FROM stdin;
\.


--
-- Data for Name: finance_discount; Type: TABLE DATA; Schema: public; Owner: yanis
--

COPY public.finance_discount (id, name, value, type, is_active) FROM stdin;
\.


--
-- Data for Name: finance_installment; Type: TABLE DATA; Schema: public; Owner: yanis
--

COPY public.finance_installment (id, due_date, amount, is_paid, enrollment_id, payment_id) FROM stdin;
1	2026-01-06	16000	f	1	\N
2	2026-01-06	16000	f	2	\N
3	2026-01-06	16000	f	3	\N
4	2026-01-06	16000	f	4	\N
5	2026-01-06	16000	f	5	\N
6	2026-01-06	16000	f	6	\N
7	2026-01-06	16000	f	7	\N
9	2026-01-08	12000	f	9	\N
10	2026-01-08	12000	f	10	\N
11	2026-01-08	12000	f	11	\N
12	2026-01-08	12000	f	12	\N
13	2026-01-08	12000	f	13	\N
14	2026-01-08	12000	f	14	\N
15	2026-01-08	12000	f	15	\N
18	2026-01-08	12000	f	18	\N
19	2026-01-08	12000	f	19	\N
20	2026-01-08	12000	f	20	\N
21	2026-01-08	12000	f	21	\N
22	2026-01-08	12000	f	22	\N
23	2026-01-10	16000	f	23	\N
24	2026-01-10	16000	f	24	\N
25	2026-01-10	12000	f	25	\N
26	2026-01-13	12000	f	26	\N
27	2026-01-13	16000	f	27	\N
28	2026-01-13	16000	f	28	\N
29	2026-01-13	16000	f	29	\N
30	2026-01-13	16000	f	30	\N
31	2026-01-15	12000	f	31	\N
32	2026-01-15	12000	f	32	\N
33	2026-01-10	4000	f	33	\N
34	2026-02-10	4000	f	33	\N
35	2026-03-10	4000	f	33	\N
36	2026-01-10	4000	f	34	\N
37	2026-02-10	4000	f	34	\N
38	2026-03-10	4000	f	34	\N
42	2026-01-15	12000	f	38	\N
44	2026-01-15	0	f	40	\N
45	2026-01-15	12000	f	41	\N
46	2026-01-15	12000	f	42	\N
47	2026-01-15	12000	f	43	\N
48	2026-01-15	12000	f	44	\N
49	2026-01-15	12000	f	45	\N
\.


--
-- Data for Name: finance_payment; Type: TABLE DATA; Schema: public; Owner: yanis
--

COPY public.finance_payment (id, amount, method, date, transaction_id, enrollment_id, recorded_by_id, receipt) FROM stdin;
1	16000	CASH	2026-01-06		2	1	\N
2	16000	CASH	2026-01-06		1	1	\N
3	16000	CASH	2026-01-06		5	1	\N
4	16000	CASH	2026-01-06		7	1	\N
5	16000	CASH	2026-01-06		4	1	\N
6	16000	CASH	2026-01-06		3	1	\N
7	16000	CASH	2026-01-06		6	1	\N
14	12000	CARD	2026-01-08		10	1	payment_receipts/2026/01/benali.pdf
15	12000	CARD	2026-01-08		11	1	payment_receipts/2026/01/benali_hMRtZrr.pdf
16	12000	CARD	2026-01-08		12	1	payment_receipts/2026/01/fardjallah_nazim.jpeg
18	16000	CASH	2026-01-10	2	23	1	
19	10000	CASH	2026-01-10	1	24	1	
20	12000	CARD	2026-01-10		25	1	payment_receipts/2026/01/280493375.pdf
17	12000	CARD	2026-01-08		13	1	payment_receipts/2026/01/279841457.pdf
21	12000	CASH	2026-01-15	6	15	1	
\.


--
-- Data for Name: finance_tariff; Type: TABLE DATA; Schema: public; Owner: yanis
--

COPY public.finance_tariff (id, name, amount) FROM stdin;
1	Tarif Japonais Niveau 1 (présentiel) - Nov 2025	16000
2	Tarif Japonais Niveau 4 (en ligne) - Jan 2026	12000
3	Tarif Japonais Niveau 9 (présentiel) - Jan 2026	12000
4	Tarif Japonais Niveau 6 (en ligne) - Jan 2026	12000
5	Tarif Japonais Niveau 3 (individuel en ligne) - Déc 2025	12000
6	Tarif Japonais Niveau 1 (en ligne) - Oct 2025	16000
7	Tarif Japonais Niveau 3 (présentiel) - Jan 2026	12000
8	Refaire un niveau	0
\.


--
-- Data for Name: finance_teachercohortpayment; Type: TABLE DATA; Schema: public; Owner: yanis
--

COPY public.finance_teachercohortpayment (id, period_start, period_end, amount_due, amount_paid, payment_date, payment_method, notes, created_at, updated_at, cohort_id, recorded_by_id, teacher_id) FROM stdin;
1	2025-10-16	2026-01-08	18000.00	12000.00	2025-12-10	CASH	La date n'est pas existe car ce sont les anciens groupes	2026-01-13 13:38:52.954842+01	2026-01-13 13:38:52.954857+01	9	1	2
\.


--
-- Data for Name: finance_teacherpayment; Type: TABLE DATA; Schema: public; Owner: yanis
--

COPY public.finance_teacherpayment (id, period_start, period_end, total_amount, payment_method, payment_date, proof_reference, notes, created_at, recorded_by_id, teacher_id) FROM stdin;
\.


--
-- Data for Name: inventory_inventoryitem; Type: TABLE DATA; Schema: public; Owner: yanis
--

COPY public.inventory_inventoryitem (id, name, description, quantity_current, quantity_min, unit, purchase_price, location, is_mandatory, status, last_updated, created_at, notes, category_id) FROM stdin;
\.


--
-- Data for Name: inventory_itemcategory; Type: TABLE DATA; Schema: public; Owner: yanis
--

COPY public.inventory_itemcategory (id, name, description, color, created_at) FROM stdin;
\.


--
-- Data for Name: inventory_shoppinglist; Type: TABLE DATA; Schema: public; Owner: yanis
--

COPY public.inventory_shoppinglist (id, title, description, event_date, date_created, status, total_cost, notes, created_by_id) FROM stdin;
\.


--
-- Data for Name: inventory_shoppinglistitem; Type: TABLE DATA; Schema: public; Owner: yanis
--

COPY public.inventory_shoppinglistitem (id, custom_item_name, quantity_needed, unit, unit_price, is_purchased, purchase_date, supplier, priority, notes, created_at, item_id, shopping_list_id) FROM stdin;
\.


--
-- Data for Name: prospects_prospect; Type: TABLE DATA; Schema: public; Owner: yanis
--

COPY public.prospects_prospect (id, first_name, last_name, email, phone, age, birth_date, level, source, activity_type, specific_course, message, notes, converted, created_at, updated_at) FROM stdin;
3	Houdaifa	Merabet	yajienrobe@gmail.com	+213799177561	\N	1998-10-14		Site web	Cours régulier	Chinois niveau 1 - Session Novembre 2025			f	2025-12-25 11:49:28.536551+01	2025-12-25 11:49:28.536559+01
4	Yahia	Bensaleh	a@gmail.com	+213670907680	\N	1998-10-14		Site web	Cours régulier	Chinois niveau 1 - Session Novembre 2025			f	2025-12-25 11:49:28.538799+01	2025-12-25 11:49:28.53881+01
8	houda	sahnoune	houda.sahnoune253@gmail.com	+213556119971	\N	2005-05-11		Site web	Cours régulier	Chinois niveau 1 - Session Novembre 2025	are the teachers native speakers? (chinese people) or algerians teaching?		f	2025-12-25 11:49:28.548382+01	2025-12-25 11:49:28.548392+01
13	Yousra	Belkessam	yousrabelkassam@gmail.com	+213776586175	\N	2000-01-23		Site web	Cours régulier	Chinois niveau 1 - Session Novembre 2025			f	2025-12-25 11:49:28.559265+01	2025-12-25 11:49:28.559274+01
14	Chourouk	Zitouni	chourouk.dilara@gmail.com	+213782049629	\N	1997-09-06		Site web	Cours régulier	Chinois niveau 1 - Session Novembre 2025			f	2025-12-25 11:49:28.561471+01	2025-12-25 11:49:28.56148+01
15	anis	cherragui	cherraguianis@gmail.com	+213540319294	\N	1995-05-19		Site web	Cours régulier	Chinois niveau 1 - Session Novembre 2025			f	2025-12-25 11:49:28.563685+01	2025-12-25 11:49:28.563694+01
17	Lilyan	Ziani	linalona2198@gmail.com	+213675572028	\N	1999-02-21		Site web	Cours régulier	Japonais Niveau 5 (préparation N5)	Hello, I would like to ask when registration for the Japanese language proficiency test in Algeria will begin for the next season. Thank you.		f	2025-12-25 11:49:28.568487+01	2025-12-25 11:49:28.568498+01
19	Eline	Goudjil	haouesgoudjil@gmail.com	+213540281222	\N	2018-06-21		Site web	Cours régulier	Japonais niveau 2 - Session Novembre 2025 (Préparation N5)	Il s’agit d’inscrire ma fille de 7 ans qui est une fan de la culture japonaise		f	2025-12-25 11:49:28.573068+01	2025-12-25 11:49:28.573077+01
21	Wassila	Hireche	wassilahireche77@gmail.com	+213776371209	\N	\N		Site web	Cours régulier	Chinois niveau 1 - Session Novembre 2025	S'approfondir en langue chinoise pour pouvoir l'exercer		f	2025-12-25 11:49:28.577214+01	2025-12-25 11:49:28.577224+01
23	Lina	Yahiaoui	linayhaioauiwork@gmail.com	+213552522825	\N	2004-08-14		Site web	Cours régulier	Chinois niveau 1 - Session Novembre 2025			f	2025-12-25 11:49:28.581697+01	2025-12-25 11:49:28.581707+01
6	Fatima zahra	hireche	manelhirechstudios@gmail.com	+213558716289	\N	1998-12-11		Site web	Cours régulier	Cours particulier de Japonais (En ligne)	bonjour\r\nJe veux prendre des cours particuliers en japonais N5 (Introduction au japonais : hiragana, katakana, expressions de base) pour pouvoir travailler en attendant les groupes en ligne.		f	2025-12-25 11:49:28.543482+01	2026-01-08 13:28:40.809916+01
51	Hadil	Maarouf	hadilmaarouf079@gmail.com	+213670826206	\N	2003-06-16		Site web	Cours régulier	Chinois niveau 2 - Session Novembre 2025			f	2025-12-25 11:49:28.681993+01	2025-12-25 11:49:28.682004+01
52	nourhane	mesbah	nourhanemesbah42@gmail.com	+213563573620	\N	2007-07-15		Site web	Cours régulier	Japonais niveau JLPT N4			f	2025-12-25 11:49:28.684321+01	2026-01-08 13:28:40.973683+01
1	Mohamed	Meghraoui	mohamedolerd@gmail.com	+213662338339	\N	2002-06-23		Site web	Cours régulier	Japonais pour débutants (Marugoto format A1-B2)	C'est de surpasser mes capacités neuronales et flatter mon ego pour partie au Japon pour faire des projets là-bas.		f	2025-12-25 11:49:28.52001+01	2026-01-08 13:28:40.775525+01
2	Adam	Tizerarine	adamtizerarine940@gmail.com	+213540624731	\N	2007-09-01		Site web	Cours régulier	Japonais en ligne Niveau 1 (préparation N5)	En tant que personne qui a toujours été fasciné par la culture japonaise j’ai toujours voulu apprendre la langue et pouvoir communiquer et découvrir la culture..		f	2025-12-25 11:49:28.534399+01	2026-01-08 13:28:40.794797+01
49	Soraya	Benslimane	s.benslimane98@gmail.com	+33651047163	\N	\N		Site web	Cours régulier	Cours particulier de Chinois (En ligne)	Bonjour \r\n\r\nJe souhaite connaître le tarif en ligne individuel pour apprendre le chinois. \r\nL’idée est de finir avec un niveau avancé. Je suis débutante.\r\n\r\nÉgalement le japonais.\r\n\r\nJe vous remercie de me fournir les tarifs svp :)		f	2025-12-25 11:49:28.674833+01	2026-01-08 13:28:40.963722+01
7	Nouri	Bey	anisnouri10@gmail.com	+213558207601	\N	2003-09-30		Site web	Cours régulier	Cours particulier de Coréen (Présentiel)	Envie d'apprendre le coréen a partir de 0 pour pouvoir passer le test étant donné que mon domaine me l'exige		f	2025-12-25 11:49:28.545846+01	2026-01-08 13:28:40.81369+01
9	Elyamama	Masmoudi	masyamama55@gmail.com	+213676656237	\N	2004-04-03		Site web	Cours régulier	Cours particulier de Chinois (En ligne)			f	2025-12-25 11:49:28.550576+01	2026-01-08 13:28:40.818719+01
12	Rania	Ouerdane	ranmedcine@gmail.com	+213552957863	\N	\N		Site web	Cours régulier	Japonais pour débutants (Marugoto A1)			f	2025-12-25 11:49:28.557102+01	2026-01-08 13:28:40.829959+01
16	KELTOUM	ZIANI	keltoumziani@hotmail.fr	+33625961605	\N	1992-12-27		Site web	Cours régulier	Cours particulier de Japonais (En ligne)	Bonjour, j'ai besoin de prendre cours en ligne svp pouvez-vous m'aider ?		f	2025-12-25 11:49:28.566179+01	2026-01-08 13:28:40.839724+01
18	BENOUMELGHAR	Ibtissam	amaliaibtissem@gmail.com	+213663344511	\N	2003-06-22		Site web	Atelier	Atelier sushis (groupe en train d'être formé)	J'aimerais bien découvrir le monde d ela cuisine asiatique		f	2025-12-25 11:49:28.570908+01	2026-01-08 13:28:40.845625+01
20	Mohamed Lotfi	Chouial	mohamedlotfichouial@gmail.com	+213776170326	\N	2002-07-16		Site web	Cours régulier	Cours particulier de Japonais (En ligne)	Bonjour, je voudrais juste savoir s’il y a un examen de japonais en juillet 2026, ou bien seulement en décembre ?		f	2025-12-25 11:49:28.575211+01	2026-01-08 13:28:40.850488+01
22	National	Intilligence	linayahiaouiwork@gmail.com	+213552522825	\N	2004-08-14		Site web	Cours régulier	Cours particulier de Chinois (Présentiel)			f	2025-12-25 11:49:28.579336+01	2026-01-08 13:28:40.858435+01
5	MOHAMMED SAID	NESRAT	etphnesrat@yahoo.com	+213559907867	\N	1985-10-13		Site web	Cours régulier	Cours particulier de Chinois (En ligne)	تعلم اللغة صينية للعمل		f	2025-12-25 11:49:28.541176+01	2026-01-08 13:28:40.8637+01
53	Arib	Daoud	davidarib215@gmail.com	+213557630106	\N	2006-12-16		Site web	Cours régulier	Cours particulier de Japonais (En ligne)			f	2025-12-25 11:49:28.686632+01	2026-01-08 13:28:40.976343+01
50	Kaouthar	Tabani	takawtar36@gmail.com	+213698041827	\N	2004-04-12		Site web	Cours régulier	Japonais en ligne Niveau 1 (préparation N5)	Je suis l’amie dont Nour vous a parlé, c'est pour rejoindre son groupe 🙏🏻		t	2025-12-25 11:49:28.679521+01	2026-01-08 13:28:40.968536+01
24	Bousbaa	Abdelghani	abdalbertein@gmail.com	+213657406465	\N	2005-10-10		Site web	Cours régulier	Japonais niveau 2 - Session Novembre 2025 (Préparation N5)	Je souhaite étudier le japonais jusqu'au niveau N5 afin de voyager et d'étudier au Japon. Autrement dit, j'ai besoin d'un certificat JLPT N5 pour obtenir un visa.\r\n De plus, je m'intéresse au niveau de l'enseignement universitaire, à la culture, à l'environnement et au développement du pays. La langue japonaise m'a particulièrement impressionné.\r\n Question : \r\nQuand aura lieu la prochaine session ? Quel en est le coût ? En quoi consiste le programme ? \r\nDemande :\r\n Je vous serais reconnaissant de me tenir informé des nouveautés afin de ne rien manquer.		f	2025-12-25 11:49:28.587272+01	2025-12-25 11:49:28.598247+01
25	Hasni	Imane	hasnimane05@gmail.com		\N	\N		Site web	Cours régulier	Chinois niveau 1 - Session Novembre 2025			f	2025-12-25 11:49:28.602749+01	2025-12-25 11:49:28.602768+01
27	Ahlem	Balaouan	ahlem.balaouan@yahoo.fr	+213699757339	\N	\N		Site web	Cours régulier	Chinois niveau 1 - Session Novembre 2025			f	2025-12-25 11:49:28.609227+01	2025-12-25 11:49:28.609243+01
41	Abdelmadjid	Kourdali	madjidkourdali1@gmail.com	+213796334737	\N	\N		Site web	Cours régulier	Chinois niveau 1 - Session Novembre 2025			f	2025-12-25 11:49:28.647099+01	2025-12-25 11:49:28.647109+01
28	Bousbaa	Abdelghani	abdalbertein@gmail.com	+213657406465	\N	2005-10-12		Site web	Cours régulier	Japonais niveau 2 - Session Novembre 2025 (Préparation N5)	Je souhaite étudier le japonais jusqu'au niveau N5 afin de voyager et d'étudier au Japon. Autrement dit, j'ai besoin d'un certificat JLPT N5 pour obtenir un visa.\r\n De plus, je m'intéresse au niveau de l'enseignement universitaire, à la culture, à l'environnement et au développement du pays. La langue japonaise m'a particulièrement impressionné.\r\n Question : \r\nQuand aura lieu la prochaine session ? Quel en est le coût ? En quoi consiste le programme ? \r\nDemande :\r\n Je vous serais reconnaissant de me tenir informé des nouveautés afin de ne rien manquer.		f	2025-12-25 11:49:28.612197+01	2025-12-25 11:49:28.617868+01
29	Mohamed abdeldjouad	Medjadji	mohamedjawed@icloud.com	+213550056183	\N	2000-08-20		Site web	Cours régulier	Chinois niveau 1 - Session Novembre 2025			f	2025-12-25 11:49:28.620542+01	2025-12-25 11:49:28.620552+01
31	Souheil	Rabia	souheel45@gmail.com	+213558433881	\N	1996-10-03		Site web	Cours régulier	Japonais niveau 2 - Session Novembre 2025 (Préparation N5)	J'aimerais apprendre le japonais a un professionnel		f	2025-12-25 11:49:28.624951+01	2025-12-25 11:49:28.62496+01
36	Hamid	Khadir	hamid_khadir@hotmail.com	+213560686025	\N	2018-06-27		Site web	Cours régulier	Chinois niveau 1 - Session Novembre 2025	A partir de quel age ? J'ai un enfant de 7 ans .		f	2025-12-25 11:49:28.636299+01	2025-12-25 11:49:28.63631+01
38	Benyamin	herizi	kikyo2008@live.fr	+213782750502	\N	2015-05-29		Site web	Cours régulier	Chinois niveau 1 - Session Novembre 2025			f	2025-12-25 11:49:28.640727+01	2025-12-25 11:49:28.640736+01
42	Malia	Ait Messaoudene	malia.aitmes@gmail.com	+213560127468	\N	2001-05-17		Site web	Cours régulier	Chinois niveau 1 - Session Novembre 2025	J’aimerais avoir le niveau hsk1 avant janvier 2026		f	2025-12-25 11:49:28.64951+01	2025-12-25 11:49:28.654188+01
44	Anais	Katti	anaiskatti@gmail.com	+213797042858	\N	2003-11-03		Site web	Cours régulier	Chinois niveau 1 - Session Novembre 2025	Bonjour, je suis interressé par l'apprentissage du chinois. Ayant un niveau préliminaire (en autodidacte) je voudrais approfondir mes compétences dans cette langue. Mais, habitant loin, je préférai bénéficier des cours en ligne, je ne sais pas si il y aura une session dédicacée pour cela. Je vous prie de me renseigner. \r\nMerci beaucoup.		f	2025-12-25 11:49:28.658739+01	2025-12-25 11:49:28.660864+01
45	Aziz	Fares	faresaziz973@gmail.com	+213673481466	\N	1998-09-07		Site web	Cours régulier	Japonais niveau 2 - Session Novembre 2025 (Préparation N5)			f	2025-12-25 11:49:28.663472+01	2025-12-25 11:49:28.66348+01
33	Maroua	ABDEDDAIM	maroua.abdeddaim@gmail.com	+213561716286	\N	2000-08-06		Site web	Cours régulier	Japonais niveau 2 - Session Novembre 2025 (Préparation N5)			t	2025-12-25 11:49:28.629352+01	2025-12-25 11:49:28.62936+01
48	Lyna Sarah	KAIL	kail.lyna.sarah@gmail.com	+213561212952	\N	2001-09-05		Site web	Cours régulier	Chinois niveau 1 - Session Novembre 2025	Bonsoir! Puis-je avoir des informations sur votre programme, vos horaires et le prix s’il vous plaît ? Et est-ce que les inscriptions sont ouvertes ou pas? Je cherche à apprendre la langue chinoise et je voudrais commencer des cours le plus vite possible		f	2025-12-25 11:49:28.672796+01	2025-12-25 11:49:28.672804+01
47	hasni	taibi	taibihasni27@gmail.com	+213655112830	\N	1998-05-09		Site web	Cours régulier	Chinois niveau 1 - Session Novembre 2025	j'ai besoin d'apprendre la langue		t	2025-12-25 11:49:28.668159+01	2025-12-25 11:50:31.441462+01
26	Hamza	Allou	allouhamza92@gmail.com	+213554741847	\N	1992-03-01		Site web	Cours régulier	Chinois niveau 1 - Session Novembre 2025	Apprendre le chinois , parler et écrire		t	2025-12-25 11:49:28.606314+01	2025-12-25 11:49:28.606329+01
37	aimen nedjm eddine	belloul	belloulaimen@gmail.com	+213542791167	\N	1995-12-14		Site web	Cours régulier		want to learn japanese		t	2025-12-25 11:49:28.638526+01	2025-12-25 11:49:28.638537+01
30	Nesrine	Baouni	nesrinebaouni2@gmail.com	+213779601463	\N	2004-09-18		Site web	Cours régulier	Cours particulier de Coréen (Présentiel)	Je veux préparer au l exman  topik		f	2025-12-25 11:49:28.622773+01	2026-01-08 13:28:40.899662+01
32	Fatima zahra	hireche	manelhirechstudios@gmail.com	+213558716289	\N	1998-12-11		Site web	Cours régulier	Japonais en ligne Niveau 1 (préparation N5)			f	2025-12-25 11:49:28.627124+01	2026-01-08 13:28:40.904894+01
34	Nabil	Hadj Slimane	nabil30222@hotmail.com	+213668242422	\N	1998-06-30		Site web	Cours régulier	Cours particulier de Coréen (En ligne)	Bonjour J'aimerai savoir information et le prix examen topik en Algerie svp		f	2025-12-25 11:49:28.631628+01	2026-01-08 13:28:40.910027+01
35	Nabil	Hadj Slimane	nabil30222@hotmail.com	+213668242422	\N	1998-06-30		Site web	Cours régulier	Cours particulier de Coréen (Présentiel)	Bonjour J'aimerai savoir information et le prix examen topik en Algerie svp		f	2025-12-25 11:49:28.634+01	2026-01-08 13:28:40.912693+01
39	Rahma	Zaghlaoui	rahmazaghlaoui191@gmail.com	+213664742262	\N	1999-04-01		Site web	Cours régulier	Japonais en ligne Niveau 1 (préparation N5)	I wanna lear japanese from the begginig		f	2025-12-25 11:49:28.642876+01	2026-01-08 13:28:40.923347+01
43	Maroua	Benbelghit	benbelghitmaroua95@gmail.com		\N	1995-11-16		Site web	Cours régulier	Cours particulier de Japonais (En ligne)	Apprendre le japonais à l'oral et à l'écrit		f	2025-12-25 11:49:28.656585+01	2026-01-08 13:28:40.940236+01
46	Amira	Menasri	amiramenasri09@gmail.com	+213773340495	\N	2000-09-23		Site web	Atelier	Atelier sushis (groupe en train d'être formé)	Je souhaite m’inscrire au cours de préparation des sushis proposé par vôtre institut le 18 Octobre. J’aimerai reserver une place, j’espère qu’il y en aura encore. Merci.		f	2025-12-25 11:49:28.665855+01	2026-01-08 13:28:40.951048+01
57	Sofia	Ben	sakinabenbouzid8@gmail.com	+213656898488	\N	2025-09-27		Site web	Cours régulier	Japonais niveau 2 - Session Novembre 2025 (Préparation N5)	Mon fils  de 13 ans veut  aprendre  la longue  japonaise  en linge.		f	2025-12-25 11:49:28.695473+01	2025-12-25 11:49:28.695482+01
60	Mahdi	Mansouri	m.mansouri.mahdi@gmail.com	+213551640508	\N	1990-09-01		Site web	Cours régulier	Chinois niveau 2 - Session Novembre 2025			f	2025-12-25 11:49:28.702121+01	2025-12-25 11:49:28.702129+01
61	Abdou	Merad	meradabderrahmane911@gmail.com	+213698854094	\N	2010-11-09		Site web	Cours régulier	Japonais en ligne Niveau 1 (préparation N5)	Mon Objectivec de etuduer dans une univ japnese apres le bac donc apres 3ans		f	2025-12-25 11:49:28.704252+01	2025-12-25 11:49:28.704261+01
65	Saliha	Zaidi	bentayeb.o@gmail.com	+213782590482	\N	2005-08-26		Site web	Cours régulier	Chinois niveau 1 - Session Novembre 2025			f	2025-12-25 11:49:28.712818+01	2025-12-25 11:49:28.712827+01
66	Sara	Taibi	sarataibi312@icloud.com	+213797680769	\N	2001-02-19		Site web	Cours régulier	Chinois niveau 1 - Session Novembre 2025			f	2025-12-25 11:49:28.715086+01	2025-12-25 11:49:28.715096+01
68	Imene	Hassouna	imeneimene05@icloud.com	+213796066265	\N	2005-07-04		Site web	Cours régulier	Japonais niveau 2 - Session Novembre 2025 (Préparation N5)			f	2025-12-25 11:49:28.719794+01	2025-12-25 11:49:28.719805+01
69	Lamine	GHEMATI	lamine187@gmail.com	+213770809505	\N	1985-06-20		Site web	Cours régulier	Chinois niveau 1 - Session Novembre 2025	Découvrir la base de la langue		f	2025-12-25 11:49:28.72209+01	2025-12-25 11:49:28.722101+01
70	Omar El Farouk	Gassem	oefgassem@gmail.com	+213560057341	\N	1990-04-28		Site web	Cours régulier	Chinois niveau 1 - Session Novembre 2025			f	2025-12-25 11:49:28.724646+01	2025-12-25 11:49:28.724656+01
75	Aliouane	Asma	aliouaneasma99@gmail.com	+213561201828	\N	1999-02-03		Site web	Cours régulier	Chinois niveau 1 - Session Novembre 2025			f	2025-12-25 11:49:28.739218+01	2025-12-25 11:49:28.739229+01
63	Hana	Dziri	dzirihana27@gmail.com	+213557831446	\N	2004-11-27		Site web	Cours régulier	Chinois niveau 1 - Session Novembre 2025			f	2025-12-25 11:49:28.708617+01	2025-12-25 11:49:28.756641+01
83	ريحاب	بن زقرار	benrihab366@gmail.com	+213782774127	\N	2007-02-02		Site web	Cours régulier	Chinois niveau 1 - Session Novembre 2025			f	2025-12-25 11:49:28.75905+01	2025-12-25 11:49:28.759059+01
74	Darine	Achouri	mouna_08_04@hotmail.com	+213561389988	\N	2012-02-25		Site web	Cours régulier	Japonais niveau 2 - Session Novembre 2025 (Préparation N5)			t	2025-12-25 11:49:28.736911+01	2025-12-25 11:49:28.736922+01
84	Fatima	Dahoumane	n.dahoumane@hotmail.com	+213556400811	\N	1993-06-10		Site web	Cours régulier	Chinois niveau 1 - Session Novembre 2025			f	2025-12-25 11:49:28.761223+01	2025-12-25 11:55:53.280826+01
78	Yasmine	Yasmine	yasmineblacky27@gmail.com	+213698500536	\N	1995-12-25		Site web	Cours régulier		Y'a que le niveau 1 pour la langue coréenne ? Y'aura t-il une attestation ?		f	2025-12-25 11:49:28.745771+01	2026-01-08 13:28:41.046244+01
10	Anais	Tatah	anstth03@gmail.com	+213556462389	\N	2003-05-12		Site web	Cours régulier	Chinois niveau 1 - Session Novembre 2025	Bonjour, je m’étais inscrite à vos cours de HSK 1 en septembre. Je n’ai pu assister qu’à deux séances et j’ai malheureusement manqué le reste.\r\nComme le paiement n’est pas remboursable, je voulais vous demander s’il serait possible de rejoindre votre prochain groupe. Si oui, j’apprécierais énormément que vous me disiez quand je pourrai commencer. Merci!!!		t	2025-12-25 11:49:28.55276+01	2025-12-25 11:49:28.731944+01
80	Damia Lyna	AIT IDIR	damialyna64@gmail.com	+213794106287	\N	2003-01-06		Site web	Cours régulier	Cours particulier de Coréen (En ligne)			f	2025-12-25 11:49:28.750273+01	2026-01-08 13:28:41.052147+01
54	Hind	Brixi	hindbrixi29@outlook.com	+213542325225	\N	2001-06-01		Site web	Atelier	Atelier sushis (groupe en train d'être formé)			f	2025-12-25 11:49:28.688923+01	2026-01-08 13:28:40.978972+01
55	Bizek	Debili	d.bizek@outlook.com	+213661180180	\N	1980-07-25		Site web	Cours régulier	Japonais en ligne Niveau 1 (préparation N5)			f	2025-12-25 11:49:28.691163+01	2026-01-08 13:28:40.981686+01
56	Messaoud	BEN HAMDOUNE	mesben89@gmail.com	+213663305397	\N	1986-04-09		Site web	Cours régulier	Cours particulier de Chinois (Présentiel)	C'est une démarche d'ouverture et d'exploration intellectuelle que j'entreprends avec grand enthousiasme		f	2025-12-25 11:49:28.69335+01	2026-01-08 13:28:40.984285+01
58	Sofia	Ben	sakinabenbouzid8@gmail.com	+213656898488	\N	2025-09-27		Site web	Cours régulier	Cours particulier de Japonais (En ligne)	Mon fils  de 13 ans veut  aprendre  la longue  japonaise  en linge.		f	2025-12-25 11:49:28.697627+01	2026-01-08 13:28:40.989507+01
59	Ikram	Harkoukene	ikramharkoukene@gmail.com	+213554933901	\N	2002-05-17		Site web	Cours régulier	Cours particulier de Coréen (En ligne)	J'ai déjà commencé à apprendre le coréen mais j'ai pas pû avancer pour m'exprimer		f	2025-12-25 11:49:28.699969+01	2026-01-08 13:28:40.992131+01
62	Abdou	Merad	meradabderrahmane911@gmail.com	+213698854094	\N	2010-11-09		Site web	Cours régulier	Japonais niveau 2 - Session Novembre 2025 (Préparation N5)	Mon Objectivec de etuduer dans une univ japnese apres le bac donc apres 3ans		f	2025-12-25 11:49:28.706389+01	2026-01-08 13:28:40.99721+01
64	Keltoum	ARROUL	arroulkeltoum@gmail.com	+213659977852	\N	2004-08-09		Site web	Cours régulier		J’aimerais savoir a quel heure se fait le cours de Coréen le Samedi et merci		f	2025-12-25 11:49:28.710666+01	2026-01-08 13:28:41.004668+01
67	Imane	Saighi	saighi.imane@outlook.com	+213770565821	\N	1991-06-10		Site web	Atelier	Atelier sushis (groupe en train d'être formé)			f	2025-12-25 11:49:28.717488+01	2026-01-08 13:28:41.012855+01
71	farah	oubah	oubahfarahzohra@gmail.com	+213697370918	\N	2002-02-18		Site web	Atelier	Atelier sushis (groupe en train d'être formé)	i wanna learn how to cook sushiii ☺️😍i’m so excited!		f	2025-12-25 11:49:28.727533+01	2026-01-08 13:28:41.02287+01
72	Alaa آلاء	Khelladi	khelladialaa286@gmail.com	+213549482171	\N	2004-11-18		Site web	Cours régulier	Cours particulier de Chinois (En ligne)			f	2025-12-25 11:49:28.729703+01	2026-01-08 13:28:41.026478+01
73	farida	kebri	farida.kebri@gmail.com	+213661922405	\N	1972-02-06		Site web	Cours régulier	Cours particulier de Coréen (En ligne)	Bonsoir, \r\nJe voudrais avoir des informations pour l'inscription d'une fille de 13 ans pour l'initiation à la langue japonaise. Que faut-il faire? a quelles conditions? \r\n\r\nMerci d'avance		f	2025-12-25 11:49:28.734589+01	2026-01-08 13:28:41.032237+01
76	Rania	Charif	rania.charif30@gmail.com	+213776842629	\N	2000-01-16		Site web	Cours régulier	Cours particulier de Coréen (En ligne)			f	2025-12-25 11:49:28.741468+01	2026-01-08 13:28:41.040507+01
77	Djaouida	Bengayou	djaouidabgy@gmail.com	+213561806353	\N	1999-05-11		Site web	Cours régulier	Cours particulier de Coréen (Présentiel)	Je connais les bases du coréen mais je n’ai pas pratiqué depuis un bon bon moment. Je souhaiterais reprendre afin de m’améliorer et passer aux niveaux supérieur. Pour une première séance, je souhaiterais confirmer mon niveau et établir un plan de cours.		f	2025-12-25 11:49:28.74364+01	2026-01-08 13:28:41.043374+01
81	Mohamed Yanis	BARBARA	yanisb598@gmail.com	+213555696868	\N	1998-10-14		Site web	Cours régulier				f	2025-12-25 11:49:28.752379+01	2026-01-08 13:28:41.054924+01
96	Yousra	Belkessam	yousrabelkassam@gmail.com	+213776586175	\N	2000-01-23		Site web	Cours régulier	Chinois niveau 1 - Session Janvier 2026			f	2026-01-08 13:28:40.83261+01	2026-01-08 13:28:40.832619+01
97	Chourouk	Zitouni	chourouk.dilara@gmail.com	+213782049629	\N	1997-09-06		Site web	Cours régulier	Chinois niveau 1 - Session Janvier 2026			f	2026-01-08 13:28:40.835003+01	2026-01-08 13:28:40.835013+01
98	anis	cherragui	cherraguianis@gmail.com	+213540319294	\N	1995-05-19		Site web	Cours régulier	Chinois niveau 1 - Session Janvier 2026			f	2026-01-08 13:28:40.837422+01	2026-01-08 13:28:40.837431+01
99	Lilyan	Ziani	linalona2198@gmail.com	+213675572028	\N	1999-02-21		Site web	Cours régulier	Japonais Niveau 1 - En ligne	Hello, I would like to ask when registration for the Japanese language proficiency test in Algeria will begin for the next season. Thank you.		f	2026-01-08 13:28:40.842382+01	2026-01-08 13:28:40.842392+01
100	Eline	Goudjil	haouesgoudjil@gmail.com	+213540281222	\N	2018-06-21		Site web	Cours régulier	Japonais niveau 3 - Session Janvier 2026	Il s’agit d’inscrire ma fille de 7 ans qui est une fan de la culture japonaise		f	2026-01-08 13:28:40.848211+01	2026-01-08 13:28:40.84822+01
101	Wassila	Hireche	wassilahireche77@gmail.com	+213776371209	\N	\N		Site web	Cours régulier	Chinois niveau 1 - Session Janvier 2026	S'approfondir en langue chinoise pour pouvoir l'exercer		f	2026-01-08 13:28:40.8547+01	2026-01-08 13:28:40.85471+01
82	Salima	Lakeb	lakebsalima@gmail.com	+213541345980	\N	2006-09-10		Site web			حبي و شغفي للغة الكورية منذ ان بدأت بمتابعة مسلسلاتها الدرامية ولهذا دفعني شغفي الى البحث عن مدرسة و وجدتكم لكن مع الاسف اقطن بعيدا عن موقعكم لهذا اخترت اونلاين		f	2025-12-25 11:49:28.754473+01	2026-01-08 13:28:41.057715+01
85	Meriem	Hachemi	hachemi-meriem@hotmail.com	+213554137882	\N	1996-10-04		Site web	Cours régulier	Cours particulier de Chinois (Présentiel)	Bonjour, \r\nJe suis intéressée par des cours de chinois. Néanmoins je ne suis pas disponible pour les cours en présentiel du samedi. Je voulais savoir si c’est possible de faire des cours particuliers de chinois niveau débutant pour dimanche.		f	2025-12-25 11:49:28.763386+01	2025-12-25 11:55:49.834929+01
86	Madina	Talha	madinatalha24@gmail.com	+213777329147	\N	2005-10-20		Site web	Cours régulier	Chinois niveau 1 - Session Janvier 2026	I want to learn Chinese from the very beginning ( I don’t know anything in Chinese ) I wanna atleast in the end of this level be able to read it		f	2026-01-08 13:28:40.694476+01	2026-01-08 13:28:40.694511+01
87	Houssem	Benmesbah	benmesbah.houssem1@gmail.com	+213540587948	\N	1998-03-25		Site web	Atelier		Je veux ouvrir un bar a sushi		f	2026-01-08 13:28:40.756413+01	2026-01-08 13:28:40.756422+01
88	Sophonisbe	Hemmaz	sophonisbe.hemmaz@gmail.com	+213770306294	\N	1991-04-03		Site web	Cours régulier	Chinois niveau 1 - Session Janvier 2026			f	2026-01-08 13:28:40.760432+01	2026-01-08 13:28:40.760441+01
89	Meriem	Defallah	meriemdefallah@gmail.com	+213797890298	\N	2006-02-08		Site web	Cours régulier	Cours particulier de Japonais (Présentiel)			f	2026-01-08 13:28:40.766893+01	2026-01-08 13:28:40.766902+01
90	Fatima Zohra	Hassouna	hassounafatima@outlook.com	+213795152214	\N	1993-09-24		Site web	Cours régulier	Chinois niveau 1 - Session Janvier 2026			f	2026-01-08 13:28:40.769315+01	2026-01-08 13:28:40.769324+01
91	nedjma	si ahmed	nedjmaxnedjma@gmail.com	+213557843711	\N	1993-06-23		Site web	Cours régulier				f	2026-01-08 13:28:40.773214+01	2026-01-08 13:28:40.773223+01
92	Houdaifa	Merabet	yajienrobe@gmail.com	+213799177561	\N	1998-10-14		Site web	Cours régulier	Chinois niveau 1 - Session Janvier 2026			f	2026-01-08 13:28:40.80239+01	2026-01-08 13:28:40.802398+01
93	Yahia	Bensaleh	a@gmail.com	+213670907680	\N	1998-10-14		Site web	Cours régulier	Chinois niveau 1 - Session Janvier 2026			f	2026-01-08 13:28:40.805076+01	2026-01-08 13:28:40.805085+01
94	houda	sahnoune	houda.sahnoune253@gmail.com	+213556119971	\N	2005-05-11		Site web	Cours régulier	Chinois niveau 1 - Session Janvier 2026	are the teachers native speakers? (chinese people) or algerians teaching?		f	2026-01-08 13:28:40.816367+01	2026-01-08 13:28:40.816376+01
11	Mohamed Amine	BRAHIMI	brahimi.mimine@gmail.com	+213660685441	\N	\N		Site web	Cours régulier	Cours particulier de Chinois (Présentiel)	Bonjour,\r\n\r\nJe souhaiterais obtenir des informations concernant la possibilité de mettre en place des cours de chinois assurés par des enseignants natifs, dans le cadre d’une formation en entreprise.\r\n\r\nNous sommes particulièrement intéressés par un programme couvrant les niveaux allant de HSK1 à HSK5, avec un contenu structuré et progressif. Pourriez-vous, s’il vous plaît, nous indiquer :\r\n\r\nsi vous proposez ce type d’enseignement avec des professeurs natifs,\r\n\r\nles tarifs,\r\n\r\nainsi que les conditions d’organisation d’une telle formation ?\r\n\r\n\r\nJe vous remercie d’avance pour votre retour et reste à votre disposition pour toute information supplémentaire.\r\n\r\nCordialement,		f	2025-12-25 11:49:28.55501+01	2026-01-08 13:28:40.825756+01
102	Lina	Yahiaoui	linayhaioauiwork@gmail.com	+213552522825	\N	2004-08-14		Site web	Cours régulier	Chinois niveau 1 - Session Janvier 2026			f	2026-01-08 13:28:40.861213+01	2026-01-08 13:28:40.861222+01
104	Hasni	Imane	hasnimane05@gmail.com		\N	\N		Site web	Cours régulier	Chinois niveau 1 - Session Janvier 2026			f	2026-01-08 13:28:40.876248+01	2026-01-08 13:28:40.876257+01
103	Bousbaa	Abdelghani	abdalbertein@gmail.com	+213657406465	\N	2005-10-10		Site web	Cours régulier	Japonais niveau 3 - Session Janvier 2026	Je souhaite étudier le japonais jusqu'au niveau N5 afin de voyager et d'étudier au Japon. Autrement dit, j'ai besoin d'un certificat JLPT N5 pour obtenir un visa.\r\n De plus, je m'intéresse au niveau de l'enseignement universitaire, à la culture, à l'environnement et au développement du pays. La langue japonaise m'a particulièrement impressionné.\r\n Question : \r\nQuand aura lieu la prochaine session ? Quel en est le coût ? En quoi consiste le programme ? \r\nDemande :\r\n Je vous serais reconnaissant de me tenir informé des nouveautés afin de ne rien manquer.		f	2026-01-08 13:28:40.866398+01	2026-01-08 13:28:40.873492+01
105	Hamza	Allou	allouhamza92@gmail.com	+213554741847	\N	1992-03-01		Site web	Cours régulier	Chinois niveau 1 - Session Janvier 2026	Apprendre le chinois , parler et écrire		f	2026-01-08 13:28:40.878704+01	2026-01-08 13:28:40.878714+01
106	Ahlem	Balaouan	ahlem.balaouan@yahoo.fr	+213699757339	\N	\N		Site web	Cours régulier	Chinois niveau 1 - Session Janvier 2026			f	2026-01-08 13:28:40.881012+01	2026-01-08 13:28:40.881021+01
95	Anais	Tatah	anstth03@gmail.com	+213556462389	\N	2003-05-12		Site web	Cours régulier	Chinois niveau 1 - Session Janvier 2026	Bonjour, je m’étais inscrite à vos cours de HSK 1 en septembre. Je n’ai pu assister qu’à deux séances et j’ai malheureusement manqué le reste.\r\nComme le paiement n’est pas remboursable, je voulais vous demander s’il serait possible de rejoindre votre prochain groupe. Si oui, j’apprécierais énormément que vous me disiez quand je pourrai commencer. Merci!!!		f	2026-01-08 13:28:40.821341+01	2026-01-08 13:28:41.029557+01
79	Mme	Nasri	ikhiba2014@gmail.com	+213661954887	\N	1998-10-14		Site web	Atelier	Atelier sushis (groupe en train d'être formé)	Mme Nasri accompagnée de 2 enfants de 11 et 13 ans.		f	2025-12-25 11:49:28.747917+01	2026-01-08 13:28:41.049039+01
120	Sofia	Ben	sakinabenbouzid8@gmail.com	+213656898488	\N	2025-09-27		Site web	Cours régulier	Japonais niveau 3 - Session Janvier 2026	Mon fils  de 13 ans veut  aprendre  la longue  japonaise  en linge.		f	2026-01-08 13:28:40.987029+01	2026-01-08 13:28:40.987039+01
107	Bousbaa	Abdelghani	abdalbertein@gmail.com	+213657406465	\N	2005-10-12		Site web	Cours régulier	Japonais niveau 3 - Session Janvier 2026	Je souhaite étudier le japonais jusqu'au niveau N5 afin de voyager et d'étudier au Japon. Autrement dit, j'ai besoin d'un certificat JLPT N5 pour obtenir un visa.\r\n De plus, je m'intéresse au niveau de l'enseignement universitaire, à la culture, à l'environnement et au développement du pays. La langue japonaise m'a particulièrement impressionné.\r\n Question : \r\nQuand aura lieu la prochaine session ? Quel en est le coût ? En quoi consiste le programme ? \r\nDemande :\r\n Je vous serais reconnaissant de me tenir informé des nouveautés afin de ne rien manquer.		f	2026-01-08 13:28:40.883441+01	2026-01-08 13:28:40.893949+01
108	Mohamed abdeldjouad	Medjadji	mohamedjawed@icloud.com	+213550056183	\N	2000-08-20		Site web	Cours régulier	Chinois niveau 1 - Session Janvier 2026			f	2026-01-08 13:28:40.89724+01	2026-01-08 13:28:40.897249+01
109	Souheil	Rabia	souheel45@gmail.com	+213558433881	\N	1996-10-03		Site web	Cours régulier	Japonais niveau 3 - Session Janvier 2026	J'aimerais apprendre le japonais a un professionnel		f	2026-01-08 13:28:40.902426+01	2026-01-08 13:28:40.902436+01
110	Maroua	ABDEDDAIM	maroua.abdeddaim@gmail.com	+213561716286	\N	2000-08-06		Site web	Cours régulier	Japonais niveau 3 - Session Janvier 2026			f	2026-01-08 13:28:40.907621+01	2026-01-08 13:28:40.907631+01
111	Hamid	Khadir	hamid_khadir@hotmail.com	+213560686025	\N	2018-06-27		Site web	Cours régulier	Chinois niveau 1 - Session Janvier 2026	A partir de quel age ? J'ai un enfant de 7 ans .		f	2026-01-08 13:28:40.91544+01	2026-01-08 13:28:40.91545+01
112	Benyamin	herizi	kikyo2008@live.fr	+213782750502	\N	2015-05-29		Site web	Cours régulier	Chinois niveau 1 - Session Janvier 2026			f	2026-01-08 13:28:40.920974+01	2026-01-08 13:28:40.920984+01
40	aimen nedjm eddine	belloul	belloulaimen@gmail.com	+213542791167	\N	1995-12-14		Site web	Cours régulier	Japonais en ligne Niveau 1 (préparation N5)	hello! i'd like to join the classes to learn japanese, my goal is to be able to initiate a small conversation & maybe in the near future be able to understand japanese songs without the need of captions & also planning to visit it in the next year with friends.		t	2025-12-25 11:49:28.645014+01	2026-01-08 13:28:40.926498+01
113	Abdelmadjid	Kourdali	madjidkourdali1@gmail.com	+213796334737	\N	\N		Site web	Cours régulier	Chinois niveau 1 - Session Janvier 2026			f	2026-01-08 13:28:40.929138+01	2026-01-08 13:28:40.929148+01
121	Mahdi	Mansouri	m.mansouri.mahdi@gmail.com	+213551640508	\N	1990-09-01		Site web	Cours régulier	Chinois niveau 2 - Session Janvier 2026			f	2026-01-08 13:28:40.994844+01	2026-01-08 13:28:40.994854+01
114	Malia	Ait Messaoudene	malia.aitmes@gmail.com	+213560127468	\N	2001-05-17		Site web	Cours régulier	Chinois niveau 1 - Session Janvier 2026	J’aimerais avoir le niveau hsk1 avant janvier 2026		f	2026-01-08 13:28:40.931472+01	2026-01-08 13:28:40.936634+01
115	Anais	Katti	anaiskatti@gmail.com	+213797042858	\N	2003-11-03		Site web	Cours régulier	Chinois niveau 1 - Session Janvier 2026	Bonjour, je suis interressé par l'apprentissage du chinois. Ayant un niveau préliminaire (en autodidacte) je voudrais approfondir mes compétences dans cette langue. Mais, habitant loin, je préférai bénéficier des cours en ligne, je ne sais pas si il y aura une session dédicacée pour cela. Je vous prie de me renseigner. \r\nMerci beaucoup.		f	2026-01-08 13:28:40.94295+01	2026-01-08 13:28:40.945936+01
116	Aziz	Fares	faresaziz973@gmail.com	+213673481466	\N	1998-09-07		Site web	Cours régulier	Japonais niveau 3 - Session Janvier 2026			f	2026-01-08 13:28:40.948653+01	2026-01-08 13:28:40.948663+01
117	hasni	taibi	taibihasni27@gmail.com	+213655112830	\N	1998-05-09		Site web	Cours régulier	Chinois niveau 1 - Session Janvier 2026	j'ai besoin d'apprendre la langue		f	2026-01-08 13:28:40.953744+01	2026-01-08 13:28:40.956202+01
118	Lyna Sarah	KAIL	kail.lyna.sarah@gmail.com	+213561212952	\N	2001-09-05		Site web	Cours régulier	Chinois niveau 1 - Session Janvier 2026	Bonsoir! Puis-je avoir des informations sur votre programme, vos horaires et le prix s’il vous plaît ? Et est-ce que les inscriptions sont ouvertes ou pas? Je cherche à apprendre la langue chinoise et je voudrais commencer des cours le plus vite possible		f	2026-01-08 13:28:40.958931+01	2026-01-08 13:28:40.958939+01
119	Hadil	Maarouf	hadilmaarouf079@gmail.com	+213670826206	\N	2003-06-16		Site web	Cours régulier	Chinois niveau 2 - Session Janvier 2026			f	2026-01-08 13:28:40.971377+01	2026-01-08 13:28:40.971388+01
122	Abdou	Merad	meradabderrahmane911@gmail.com	+213698854094	\N	2010-11-09		Site web	Cours régulier	Japonais niveau 3 - Session Janvier 2026	Mon Objectivec de etuduer dans une univ japnese apres le bac donc apres 3ans		f	2026-01-08 13:28:40.999899+01	2026-01-08 13:28:40.999909+01
124	Saliha	Zaidi	bentayeb.o@gmail.com	+213782590482	\N	2005-08-26		Site web	Cours régulier	Chinois niveau 1 - Session Janvier 2026			f	2026-01-08 13:28:41.007363+01	2026-01-08 13:28:41.007372+01
125	Sara	Taibi	sarataibi312@icloud.com	+213797680769	\N	2001-02-19		Site web	Cours régulier	Chinois niveau 1 - Session Janvier 2026			f	2026-01-08 13:28:41.010461+01	2026-01-08 13:28:41.010471+01
126	Imene	Hassouna	imeneimene05@icloud.com	+213796066265	\N	2005-07-04		Site web	Cours régulier	Japonais niveau 3 - Session Janvier 2026			f	2026-01-08 13:28:41.015581+01	2026-01-08 13:28:41.015592+01
127	Lamine	GHEMATI	lamine187@gmail.com	+213770809505	\N	1985-06-20		Site web	Cours régulier	Chinois niveau 1 - Session Janvier 2026	Découvrir la base de la langue		f	2026-01-08 13:28:41.018041+01	2026-01-08 13:28:41.018049+01
128	Omar El Farouk	Gassem	oefgassem@gmail.com	+213560057341	\N	1990-04-28		Site web	Cours régulier	Chinois niveau 1 - Session Janvier 2026			f	2026-01-08 13:28:41.02058+01	2026-01-08 13:28:41.020589+01
129	Darine	Achouri	mouna_08_04@hotmail.com	+213561389988	\N	2012-02-25		Site web	Cours régulier	Japonais niveau 3 - Session Janvier 2026			f	2026-01-08 13:28:41.03524+01	2026-01-08 13:28:41.035251+01
130	Aliouane	Asma	aliouaneasma99@gmail.com	+213561201828	\N	1999-02-03		Site web	Cours régulier	Chinois niveau 1 - Session Janvier 2026			f	2026-01-08 13:28:41.03791+01	2026-01-08 13:28:41.03792+01
123	Hana	Dziri	dzirihana27@gmail.com	+213557831446	\N	2004-11-27		Site web	Cours régulier	Chinois niveau 1 - Session Janvier 2026			f	2026-01-08 13:28:41.002351+01	2026-01-08 13:28:41.060582+01
131	Unknown			0770660198	\N	\N		TASK_AUTO					f	2026-01-10 14:58:58.650703+01	2026-01-10 14:58:58.650713+01
\.


--
-- Data for Name: prospects_uploadhistory; Type: TABLE DATA; Schema: public; Owner: yanis
--

COPY public.prospects_uploadhistory (id, filename, created_at, total_processed, created_count, updated_count, duplicates_data, errors_data, created_data, updated_data) FROM stdin;
1	prospects (1).csv	2025-12-25 11:49:28.764436+01	97	85	12	[{"new": {"email": "ETPHNESRAT@YAHOO.COM", "phone": "+213559907867", "last_name": "NESRAT", "birth_date": "1985-10-13", "first_name": "MOHAMMED SAID", "specific_course": "Cours particulier de Chinois (En ligne)"}, "row": 25, "reasons": ["Prénom: MOHAMMED SAID", "Nom: NESRAT", "Email: ETPHNESRAT@YAHOO.COM", "Cours: Cours particulier de Chinois (En ligne)", "Naissance: 1985-10-13"], "existing": {"id": 5, "email": "etphnesrat@yahoo.com", "phone": "+213559907867", "last_name": "NESRAT", "birth_date": "1985-10-13", "first_name": "MOHAMMED SAID", "specific_course": "Cours particulier de Chinois (En ligne)"}}, {"new": {"email": "abdalbertein@gmail.com", "phone": "+213657406465", "last_name": "Abdelghani", "birth_date": "2005-10-10", "first_name": "Bousbaa", "specific_course": "Japonais niveau 2 - Session Novembre 2025 (Préparation N5)"}, "row": 27, "reasons": ["Prénom: Bousbaa", "Nom: Abdelghani", "Email: abdalbertein@gmail.com", "Cours: Japonais niveau 2 - Session Novembre 2025 (Préparation N5)", "Naissance: 2005-10-10"], "existing": {"id": 24, "email": "abdalbertein@gmail.com", "phone": "+213657406465", "last_name": "Abdelghani", "birth_date": "2005-10-10", "first_name": "Bousbaa", "specific_course": "Japonais niveau 2 - Session Novembre 2025 (Préparation N5)"}}, {"new": {"email": "abdalbertein@gmail.com", "phone": "+213657406465", "last_name": "Abdelghani", "birth_date": "2005-10-10", "first_name": "Bousbaa", "specific_course": "Japonais niveau 2 - Session Novembre 2025 (Préparation N5)"}, "row": 28, "reasons": ["Prénom: Bousbaa", "Nom: Abdelghani", "Email: abdalbertein@gmail.com", "Cours: Japonais niveau 2 - Session Novembre 2025 (Préparation N5)", "Naissance: 2005-10-10"], "existing": {"id": 24, "email": "abdalbertein@gmail.com", "phone": "+213657406465", "last_name": "Abdelghani", "birth_date": "2005-10-10", "first_name": "Bousbaa", "specific_course": "Japonais niveau 2 - Session Novembre 2025 (Préparation N5)"}}, {"new": {"email": "abdalbertein@gmail.com", "phone": "+213657406465", "last_name": "Abdelghani", "birth_date": "2005-10-12", "first_name": "Bousbaa", "specific_course": "Japonais niveau 2 - Session Novembre 2025 (Préparation N5)"}, "row": 33, "reasons": ["Prénom: Bousbaa", "Nom: Abdelghani", "Email: abdalbertein@gmail.com", "Cours: Japonais niveau 2 - Session Novembre 2025 (Préparation N5)", "Naissance: 2005-10-12"], "existing": {"id": 28, "email": "abdalbertein@gmail.com", "phone": "+213657406465", "last_name": "Abdelghani", "birth_date": "2005-10-12", "first_name": "Bousbaa", "specific_course": "Japonais niveau 2 - Session Novembre 2025 (Préparation N5)"}}, {"new": {"email": "abdalbertein@gmail.com", "phone": "+213657406465", "last_name": "Abdelghani", "birth_date": "2005-10-12", "first_name": "Bousbaa", "specific_course": "Japonais niveau 2 - Session Novembre 2025 (Préparation N5)"}, "row": 34, "reasons": ["Prénom: Bousbaa", "Nom: Abdelghani", "Email: abdalbertein@gmail.com", "Cours: Japonais niveau 2 - Session Novembre 2025 (Préparation N5)", "Naissance: 2005-10-12"], "existing": {"id": 28, "email": "abdalbertein@gmail.com", "phone": "+213657406465", "last_name": "Abdelghani", "birth_date": "2005-10-12", "first_name": "Bousbaa", "specific_course": "Japonais niveau 2 - Session Novembre 2025 (Préparation N5)"}}, {"new": {"email": "malia.aitmes@gmail.com", "phone": "+213560127468", "last_name": "Ait Messaoudene", "birth_date": "2001-05-17", "first_name": "Malia", "specific_course": "Chinois niveau 1 - Session Novembre 2025"}, "row": 49, "reasons": ["Prénom: Malia", "Nom: Ait Messaoudene", "Email: malia.aitmes@gmail.com", "Cours: Chinois niveau 1 - Session Novembre 2025", "Naissance: 2001-05-17"], "existing": {"id": 42, "email": "malia.aitmes@gmail.com", "phone": "+213560127468", "last_name": "Ait Messaoudene", "birth_date": "2001-05-17", "first_name": "Malia", "specific_course": "Chinois niveau 1 - Session Novembre 2025"}}, {"new": {"email": "malia.aitmes@gmail.com", "phone": "+213560127468", "last_name": "Ait Messaoudene", "birth_date": "2001-05-17", "first_name": "Malia", "specific_course": "Chinois niveau 1 - Session Novembre 2025"}, "row": 50, "reasons": ["Prénom: Malia", "Nom: Ait Messaoudene", "Email: malia.aitmes@gmail.com", "Cours: Chinois niveau 1 - Session Novembre 2025", "Naissance: 2001-05-17"], "existing": {"id": 42, "email": "malia.aitmes@gmail.com", "phone": "+213560127468", "last_name": "Ait Messaoudene", "birth_date": "2001-05-17", "first_name": "Malia", "specific_course": "Chinois niveau 1 - Session Novembre 2025"}}, {"new": {"email": "anaiskatti@gmail.com", "phone": "+213797042858", "last_name": "Katti", "birth_date": "2003-11-03", "first_name": "Anais", "specific_course": "Chinois niveau 1 - Session Novembre 2025"}, "row": 53, "reasons": ["Prénom: Anais", "Nom: Katti", "Email: anaiskatti@gmail.com", "Cours: Chinois niveau 1 - Session Novembre 2025", "Naissance: 2003-11-03"], "existing": {"id": 44, "email": "anaiskatti@gmail.com", "phone": "+213797042858", "last_name": "Katti", "birth_date": "2003-11-03", "first_name": "Anais", "specific_course": "Chinois niveau 1 - Session Novembre 2025"}}, {"new": {"email": "taibihasni27@gmail.com", "phone": "+213655112830", "last_name": "taibi", "birth_date": "1998-05-09", "first_name": "hasni", "specific_course": "Chinois niveau 1 - Session Novembre 2025"}, "row": 57, "reasons": ["Prénom: hasni", "Nom: taibi", "Email: taibihasni27@gmail.com", "Cours: Chinois niveau 1 - Session Novembre 2025", "Naissance: 1998-05-09"], "existing": {"id": 47, "email": "taibihasni27@gmail.com", "phone": "+213655112830", "last_name": "taibi", "birth_date": "1998-05-09", "first_name": "hasni", "specific_course": "Chinois niveau 1 - Session Novembre 2025"}}, {"new": {"email": "s.benslimane98@gmail.com", "phone": "+33651047163", "last_name": "Benslimane", "birth_date": "", "first_name": "Soraya", "specific_course": "Cours particulier de Chinois (En ligne)"}, "row": 60, "reasons": ["Prénom: Soraya", "Nom: Benslimane", "Email: s.benslimane98@gmail.com", "Cours: Cours particulier de Chinois (En ligne)"], "existing": {"id": 49, "email": "s.benslimane98@gmail.com", "phone": "+33651047163", "last_name": "Benslimane", "birth_date": "", "first_name": "Soraya", "specific_course": "Cours particulier de Chinois (En ligne)"}}, {"new": {"email": "anstth03@gmail.com", "phone": "+213556462389", "last_name": "Tatah", "birth_date": "2003-05-12", "first_name": "Anais", "specific_course": "Chinois niveau 1 - Session Novembre 2025"}, "row": 84, "reasons": ["Prénom: Anais", "Nom: Tatah", "Email: anstth03@gmail.com", "Cours: Chinois niveau 1 - Session Novembre 2025", "Naissance: 2003-05-12"], "existing": {"id": 10, "email": "anstth03@gmail.com", "phone": "+213556462389", "last_name": "Tatah", "birth_date": "2003-05-12", "first_name": "Anais", "specific_course": "Chinois niveau 1 - Session Novembre 2025"}}, {"new": {"email": "dzirihana27@gmail.com", "phone": "+213556831446", "last_name": "Dziri", "birth_date": "2004-11-27", "first_name": "Hana", "specific_course": ""}, "row": 95, "reasons": ["Prénom: Hana", "Nom: Dziri", "Email: dzirihana27@gmail.com", "Naissance: 2004-11-27"], "existing": {"id": 63, "email": "dzirihana27@gmail.com", "phone": "+213557831446", "last_name": "Dziri", "birth_date": "2004-11-27", "first_name": "Hana", "specific_course": "Chinois niveau 1 - Session Novembre 2025"}}]	[]	[{"row": 2, "name": "Mohamed Meghraoui", "email": "mohamedolerd@gmail.com", "reason": "Nouveau prospect créé", "prospect_id": 1}, {"row": 3, "name": "Adam Tizerarine", "email": "adamtizerarine940@gmail.com", "reason": "Nouveau prospect créé", "prospect_id": 2}, {"row": 4, "name": "Houdaifa Merabet", "email": "yajienrobe@gmail.com", "reason": "Nouveau prospect créé", "prospect_id": 3}, {"row": 5, "name": "Yahia Bensaleh", "email": "a@gmail.com", "reason": "Nouveau prospect créé", "prospect_id": 4}, {"row": 6, "name": "MOHAMMED SAID NESRAT", "email": "etphnesrat@yahoo.com", "reason": "Nouveau prospect créé", "prospect_id": 5}, {"row": 7, "name": "Fatima zahra hireche", "email": "manelhirechstudios@gmail.com", "reason": "Nouveau prospect créé", "prospect_id": 6}, {"row": 8, "name": "Nouri Bey", "email": "anisnouri10@gmail.com", "reason": "Nouveau prospect créé", "prospect_id": 7}, {"row": 9, "name": "houda sahnoune", "email": "houda.sahnoune253@gmail.com", "reason": "Nouveau prospect créé", "prospect_id": 8}, {"row": 10, "name": "Elyamama Masmoudi", "email": "masyamama55@gmail.com", "reason": "Nouveau prospect créé", "prospect_id": 9}, {"row": 11, "name": "Anais Tatah", "email": "anstth03@gmail.com", "reason": "Nouveau prospect créé", "prospect_id": 10}, {"row": 12, "name": "Mohamed Amine BRAHIMI", "email": "brahimi.mimine@gmail.com", "reason": "Nouveau prospect créé", "prospect_id": 11}, {"row": 13, "name": "Rania Ouerdane", "email": "ranmedcine@gmail.com", "reason": "Nouveau prospect créé", "prospect_id": 12}, {"row": 14, "name": "Yousra Belkessam", "email": "yousrabelkassam@gmail.com", "reason": "Nouveau prospect créé", "prospect_id": 13}, {"row": 15, "name": "Chourouk Zitouni", "email": "chourouk.dilara@gmail.com", "reason": "Nouveau prospect créé", "prospect_id": 14}, {"row": 16, "name": "anis cherragui", "email": "cherraguianis@gmail.com", "reason": "Nouveau prospect créé", "prospect_id": 15}, {"row": 17, "name": "KELTOUM ZIANI", "email": "keltoumziani@hotmail.fr", "reason": "Nouveau prospect créé", "prospect_id": 16}, {"row": 18, "name": "Lilyan Ziani", "email": "linalona2198@gmail.com", "reason": "Nouveau prospect créé", "prospect_id": 17}, {"row": 19, "name": "BENOUMELGHAR Ibtissam", "email": "amaliaibtissem@gmail.com", "reason": "Nouveau prospect créé", "prospect_id": 18}, {"row": 20, "name": "Eline Goudjil", "email": "haouesgoudjil@gmail.com", "reason": "Nouveau prospect créé", "prospect_id": 19}, {"row": 21, "name": "Mohamed Lotfi Chouial", "email": "mohamedlotfichouial@gmail.com", "reason": "Nouveau prospect créé", "prospect_id": 20}, {"row": 22, "name": "Wassila Hireche", "email": "wassilahireche77@gmail.com", "reason": "Nouveau prospect créé", "prospect_id": 21}, {"row": 23, "name": "National Intilligence", "email": "linayahiaouiwork@gmail.com", "reason": "Nouveau prospect créé", "prospect_id": 22}, {"row": 24, "name": "Lina Yahiaoui", "email": "linayhaioauiwork@gmail.com", "reason": "Nouveau prospect créé", "prospect_id": 23}, {"row": 26, "name": "Bousbaa Abdelghani", "email": "abdalbertein@gmail.com", "reason": "Nouveau prospect créé", "prospect_id": 24}, {"row": 29, "name": "Hasni Imane", "email": "hasnimane05@gmail.com", "reason": "Nouveau prospect créé", "prospect_id": 25}, {"row": 30, "name": "Hamza Allou", "email": "allouhamza92@gmail.com", "reason": "Nouveau prospect créé", "prospect_id": 26}, {"row": 31, "name": "Ahlem Balaouan", "email": "ahlem.balaouan@yahoo.fr", "reason": "Nouveau prospect créé", "prospect_id": 27}, {"row": 32, "name": "Bousbaa Abdelghani", "email": "abdalbertein@gmail.com", "reason": "Nouveau prospect créé", "prospect_id": 28}, {"row": 35, "name": "Mohamed abdeldjouad Medjadji", "email": "mohamedjawed@icloud.com", "reason": "Nouveau prospect créé", "prospect_id": 29}, {"row": 36, "name": "Nesrine Baouni", "email": "nesrinebaouni2@gmail.com", "reason": "Nouveau prospect créé", "prospect_id": 30}, {"row": 37, "name": "Souheil Rabia", "email": "souheel45@gmail.com", "reason": "Nouveau prospect créé", "prospect_id": 31}, {"row": 38, "name": "Fatima zahra hireche", "email": "manelhirechstudios@gmail.com", "reason": "Nouveau prospect créé", "prospect_id": 32}, {"row": 39, "name": "Maroua ABDEDDAIM", "email": "maroua.abdeddaim@gmail.com", "reason": "Nouveau prospect créé", "prospect_id": 33}, {"row": 40, "name": "Nabil Hadj Slimane", "email": "nabil30222@hotmail.com", "reason": "Nouveau prospect créé", "prospect_id": 34}, {"row": 41, "name": "Nabil Hadj Slimane", "email": "nabil30222@hotmail.com", "reason": "Nouveau prospect créé", "prospect_id": 35}, {"row": 42, "name": "Hamid Khadir", "email": "hamid_khadir@hotmail.com", "reason": "Nouveau prospect créé", "prospect_id": 36}, {"row": 43, "name": "aimen nedjm eddine belloul", "email": "belloulaimen@gmail.com", "reason": "Nouveau prospect créé", "prospect_id": 37}, {"row": 44, "name": "Benyamin herizi", "email": "kikyo2008@live.fr", "reason": "Nouveau prospect créé", "prospect_id": 38}, {"row": 45, "name": "Rahma Zaghlaoui", "email": "rahmazaghlaoui191@gmail.com", "reason": "Nouveau prospect créé", "prospect_id": 39}, {"row": 46, "name": "aimen nedjm eddine belloul", "email": "belloulaimen@gmail.com", "reason": "Nouveau prospect créé", "prospect_id": 40}, {"row": 47, "name": "Abdelmadjid Kourdali", "email": "madjidkourdali1@gmail.com", "reason": "Nouveau prospect créé", "prospect_id": 41}, {"row": 48, "name": "Malia Ait Messaoudene", "email": "malia.aitmes@gmail.com", "reason": "Nouveau prospect créé", "prospect_id": 42}, {"row": 51, "name": "Maroua Benbelghit", "email": "benbelghitmaroua95@gmail.com", "reason": "Nouveau prospect créé", "prospect_id": 43}, {"row": 52, "name": "Anais Katti", "email": "anaiskatti@gmail.com", "reason": "Nouveau prospect créé", "prospect_id": 44}, {"row": 54, "name": "Aziz Fares", "email": "faresaziz973@gmail.com", "reason": "Nouveau prospect créé", "prospect_id": 45}, {"row": 55, "name": "Amira Menasri", "email": "amiramenasri09@gmail.com", "reason": "Nouveau prospect créé", "prospect_id": 46}, {"row": 56, "name": "hasni taibi", "email": "taibihasni27@gmail.com", "reason": "Nouveau prospect créé", "prospect_id": 47}, {"row": 58, "name": "Lyna Sarah KAIL", "email": "kail.lyna.sarah@gmail.com", "reason": "Nouveau prospect créé", "prospect_id": 48}, {"row": 59, "name": "Soraya Benslimane", "email": "s.benslimane98@gmail.com", "reason": "Nouveau prospect créé", "prospect_id": 49}, {"row": 61, "name": "Kaouthar Tabani", "email": "takawtar36@gmail.com", "reason": "Nouveau prospect créé", "prospect_id": 50}, {"row": 62, "name": "Hadil Maarouf", "email": "hadilmaarouf079@gmail.com", "reason": "Nouveau prospect créé", "prospect_id": 51}, {"row": 63, "name": "nourhane mesbah", "email": "nourhanemesbah42@gmail.com", "reason": "Nouveau prospect créé", "prospect_id": 52}, {"row": 64, "name": "Arib Daoud", "email": "davidarib215@gmail.com", "reason": "Nouveau prospect créé", "prospect_id": 53}, {"row": 65, "name": "Hind Brixi", "email": "hindbrixi29@outlook.com", "reason": "Nouveau prospect créé", "prospect_id": 54}, {"row": 66, "name": "Bizek Debili", "email": "d.bizek@outlook.com", "reason": "Nouveau prospect créé", "prospect_id": 55}, {"row": 67, "name": "Messaoud BEN HAMDOUNE", "email": "mesben89@gmail.com", "reason": "Nouveau prospect créé", "prospect_id": 56}, {"row": 68, "name": "Sofia Ben", "email": "sakinabenbouzid8@gmail.com", "reason": "Nouveau prospect créé", "prospect_id": 57}, {"row": 69, "name": "Sofia Ben", "email": "sakinabenbouzid8@gmail.com", "reason": "Nouveau prospect créé", "prospect_id": 58}, {"row": 70, "name": "Ikram Harkoukene", "email": "ikramharkoukene@gmail.com", "reason": "Nouveau prospect créé", "prospect_id": 59}, {"row": 71, "name": "Mahdi Mansouri", "email": "m.mansouri.mahdi@gmail.com", "reason": "Nouveau prospect créé", "prospect_id": 60}, {"row": 72, "name": "Abdou Merad", "email": "meradabderrahmane911@gmail.com", "reason": "Nouveau prospect créé", "prospect_id": 61}, {"row": 73, "name": "Abdou Merad", "email": "meradabderrahmane911@gmail.com", "reason": "Nouveau prospect créé", "prospect_id": 62}, {"row": 74, "name": "Hana Dziri", "email": "dzirihana27@gmail.com", "reason": "Nouveau prospect créé", "prospect_id": 63}, {"row": 75, "name": "Keltoum ARROUL", "email": "arroulkeltoum@gmail.com", "reason": "Nouveau prospect créé", "prospect_id": 64}, {"row": 76, "name": "Saliha Zaidi", "email": "bentayeb.o@gmail.com", "reason": "Nouveau prospect créé", "prospect_id": 65}, {"row": 77, "name": "Sara Taibi", "email": "sarataibi312@icloud.com", "reason": "Nouveau prospect créé", "prospect_id": 66}, {"row": 78, "name": "Imane Saighi", "email": "saighi.imane@outlook.com", "reason": "Nouveau prospect créé", "prospect_id": 67}, {"row": 79, "name": "Imene Hassouna", "email": "imeneimene05@icloud.com", "reason": "Nouveau prospect créé", "prospect_id": 68}, {"row": 80, "name": "Lamine GHEMATI", "email": "lamine187@gmail.com", "reason": "Nouveau prospect créé", "prospect_id": 69}, {"row": 81, "name": "Omar El Farouk Gassem", "email": "oefgassem@gmail.com", "reason": "Nouveau prospect créé", "prospect_id": 70}, {"row": 82, "name": "farah oubah", "email": "oubahfarahzohra@gmail.com", "reason": "Nouveau prospect créé", "prospect_id": 71}, {"row": 83, "name": "Alaa آلاء Khelladi", "email": "khelladialaa286@gmail.com", "reason": "Nouveau prospect créé", "prospect_id": 72}, {"row": 85, "name": "farida kebri", "email": "farida.kebri@gmail.com", "reason": "Nouveau prospect créé", "prospect_id": 73}, {"row": 86, "name": "Darine Achouri", "email": "mouna_08_04@hotmail.com", "reason": "Nouveau prospect créé", "prospect_id": 74}, {"row": 87, "name": "Aliouane Asma", "email": "aliouaneasma99@gmail.com", "reason": "Nouveau prospect créé", "prospect_id": 75}, {"row": 88, "name": "Rania Charif", "email": "rania.charif30@gmail.com", "reason": "Nouveau prospect créé", "prospect_id": 76}, {"row": 89, "name": "Djaouida Bengayou", "email": "djaouidabgy@gmail.com", "reason": "Nouveau prospect créé", "prospect_id": 77}, {"row": 90, "name": "Yasmine Yasmine", "email": "yasmineblacky27@gmail.com", "reason": "Nouveau prospect créé", "prospect_id": 78}, {"row": 91, "name": "Mme Nasri", "email": "ikhiba2014@gmail.com", "reason": "Nouveau prospect créé", "prospect_id": 79}, {"row": 92, "name": "Damia Lyna AIT IDIR", "email": "damialyna64@gmail.com", "reason": "Nouveau prospect créé", "prospect_id": 80}, {"row": 93, "name": "Mohamed Yanis BARBARA", "email": "yanisb598@gmail.com", "reason": "Nouveau prospect créé", "prospect_id": 81}, {"row": 94, "name": "Salima Lakeb", "email": "lakebsalima@gmail.com", "reason": "Nouveau prospect créé", "prospect_id": 82}, {"row": 96, "name": "ريحاب بن زقرار", "email": "benrihab366@gmail.com", "reason": "Nouveau prospect créé", "prospect_id": 83}, {"row": 97, "name": "Fatima Dahoumane", "email": "n.dahoumane@hotmail.com", "reason": "Nouveau prospect créé", "prospect_id": 84}, {"row": 98, "name": "Meriem Hachemi", "email": "hachemi-meriem@hotmail.com", "reason": "Nouveau prospect créé", "prospect_id": 85}]	[{"row": 25, "name": "MOHAMMED SAID NESRAT", "email": "etphnesrat@yahoo.com", "reason": "Doublon détecté - Données fusionnées", "criteria": ["Prénom: MOHAMMED SAID", "Nom: NESRAT", "Email: ETPHNESRAT@YAHOO.COM", "Cours: Cours particulier de Chinois (En ligne)", "Naissance: 1985-10-13"], "prospect_id": 5}, {"row": 27, "name": "Bousbaa Abdelghani", "email": "abdalbertein@gmail.com", "reason": "Doublon détecté - Données fusionnées", "criteria": ["Prénom: Bousbaa", "Nom: Abdelghani", "Email: abdalbertein@gmail.com", "Cours: Japonais niveau 2 - Session Novembre 2025 (Préparation N5)", "Naissance: 2005-10-10"], "prospect_id": 24}, {"row": 28, "name": "Bousbaa Abdelghani", "email": "abdalbertein@gmail.com", "reason": "Doublon détecté - Données fusionnées", "criteria": ["Prénom: Bousbaa", "Nom: Abdelghani", "Email: abdalbertein@gmail.com", "Cours: Japonais niveau 2 - Session Novembre 2025 (Préparation N5)", "Naissance: 2005-10-10"], "prospect_id": 24}, {"row": 33, "name": "Bousbaa Abdelghani", "email": "abdalbertein@gmail.com", "reason": "Doublon détecté - Données fusionnées", "criteria": ["Prénom: Bousbaa", "Nom: Abdelghani", "Email: abdalbertein@gmail.com", "Cours: Japonais niveau 2 - Session Novembre 2025 (Préparation N5)", "Naissance: 2005-10-12"], "prospect_id": 28}, {"row": 34, "name": "Bousbaa Abdelghani", "email": "abdalbertein@gmail.com", "reason": "Doublon détecté - Données fusionnées", "criteria": ["Prénom: Bousbaa", "Nom: Abdelghani", "Email: abdalbertein@gmail.com", "Cours: Japonais niveau 2 - Session Novembre 2025 (Préparation N5)", "Naissance: 2005-10-12"], "prospect_id": 28}, {"row": 49, "name": "Malia Ait Messaoudene", "email": "malia.aitmes@gmail.com", "reason": "Doublon détecté - Données fusionnées", "criteria": ["Prénom: Malia", "Nom: Ait Messaoudene", "Email: malia.aitmes@gmail.com", "Cours: Chinois niveau 1 - Session Novembre 2025", "Naissance: 2001-05-17"], "prospect_id": 42}, {"row": 50, "name": "Malia Ait Messaoudene", "email": "malia.aitmes@gmail.com", "reason": "Doublon détecté - Données fusionnées", "criteria": ["Prénom: Malia", "Nom: Ait Messaoudene", "Email: malia.aitmes@gmail.com", "Cours: Chinois niveau 1 - Session Novembre 2025", "Naissance: 2001-05-17"], "prospect_id": 42}, {"row": 53, "name": "Anais Katti", "email": "anaiskatti@gmail.com", "reason": "Doublon détecté - Données fusionnées", "criteria": ["Prénom: Anais", "Nom: Katti", "Email: anaiskatti@gmail.com", "Cours: Chinois niveau 1 - Session Novembre 2025", "Naissance: 2003-11-03"], "prospect_id": 44}, {"row": 57, "name": "hasni taibi", "email": "taibihasni27@gmail.com", "reason": "Doublon détecté - Données fusionnées", "criteria": ["Prénom: hasni", "Nom: taibi", "Email: taibihasni27@gmail.com", "Cours: Chinois niveau 1 - Session Novembre 2025", "Naissance: 1998-05-09"], "prospect_id": 47}, {"row": 60, "name": "Soraya Benslimane", "email": "s.benslimane98@gmail.com", "reason": "Doublon détecté - Données fusionnées", "criteria": ["Prénom: Soraya", "Nom: Benslimane", "Email: s.benslimane98@gmail.com", "Cours: Cours particulier de Chinois (En ligne)"], "prospect_id": 49}, {"row": 84, "name": "Anais Tatah", "email": "anstth03@gmail.com", "reason": "Doublon détecté - Données fusionnées", "criteria": ["Prénom: Anais", "Nom: Tatah", "Email: anstth03@gmail.com", "Cours: Chinois niveau 1 - Session Novembre 2025", "Naissance: 2003-05-12"], "prospect_id": 10}, {"row": 95, "name": "Hana Dziri", "email": "dzirihana27@gmail.com", "reason": "Doublon détecté - Données fusionnées", "criteria": ["Prénom: Hana", "Nom: Dziri", "Email: dzirihana27@gmail.com", "Naissance: 2004-11-27"], "prospect_id": 63}]
2	prospects (2).csv	2026-01-08 13:28:41.063116+01	100	45	55	[{"new": {"email": "mohamedolerd@gmail.com", "phone": "+213662338339", "last_name": "Meghraoui", "birth_date": "2002-06-23", "first_name": "Mohamed", "specific_course": ""}, "row": 8, "reasons": ["Prénom: Mohamed", "Nom: Meghraoui", "Email: mohamedolerd@gmail.com", "Naissance: 2002-06-23"], "existing": {"id": 1, "email": "mohamedolerd@gmail.com", "phone": "+213662338339", "last_name": "Meghraoui", "birth_date": "2002-06-23", "first_name": "Mohamed", "specific_course": "Japonais pour débutants (Marugoto format A1-B2)"}}, {"new": {"email": "adamtizerarine940@gmail.com", "phone": "+213540624731", "last_name": "Tizerarine", "birth_date": "2007-09-01", "first_name": "Adam", "specific_course": ""}, "row": 9, "reasons": ["Prénom: Adam", "Nom: Tizerarine", "Email: adamtizerarine940@gmail.com", "Naissance: 2007-09-01"], "existing": {"id": 2, "email": "adamtizerarine940@gmail.com", "phone": "+213540624731", "last_name": "Tizerarine", "birth_date": "2007-09-01", "first_name": "Adam", "specific_course": "Japonais en ligne Niveau 1 (préparation N5)"}}, {"new": {"email": "etphnesrat@yahoo.com", "phone": "+213559907867", "last_name": "NESRAT", "birth_date": "1985-10-13", "first_name": "MOHAMMED SAID", "specific_course": "Cours particulier de Chinois (En ligne)"}, "row": 12, "reasons": ["Prénom: MOHAMMED SAID", "Nom: NESRAT", "Email: etphnesrat@yahoo.com", "Cours: Cours particulier de Chinois (En ligne)", "Naissance: 1985-10-13"], "existing": {"id": 5, "email": "etphnesrat@yahoo.com", "phone": "+213559907867", "last_name": "NESRAT", "birth_date": "1985-10-13", "first_name": "MOHAMMED SAID", "specific_course": "Cours particulier de Chinois (En ligne)"}}, {"new": {"email": "manelhirechstudios@gmail.com", "phone": "+213558716289", "last_name": "hireche", "birth_date": "1998-12-11", "first_name": "Fatima zahra", "specific_course": "Cours particulier de Japonais (En ligne)"}, "row": 13, "reasons": ["Prénom: Fatima zahra", "Nom: hireche", "Email: manelhirechstudios@gmail.com", "Cours: Cours particulier de Japonais (En ligne)", "Naissance: 1998-12-11"], "existing": {"id": 6, "email": "manelhirechstudios@gmail.com", "phone": "+213558716289", "last_name": "hireche", "birth_date": "1998-12-11", "first_name": "Fatima zahra", "specific_course": "Cours particulier de Japonais (En ligne)"}}, {"new": {"email": "anisnouri10@gmail.com", "phone": "+213558207601", "last_name": "Bey", "birth_date": "2003-09-30", "first_name": "Nouri", "specific_course": "Cours particulier de Coréen (Présentiel)"}, "row": 14, "reasons": ["Prénom: Nouri", "Nom: Bey", "Email: anisnouri10@gmail.com", "Cours: Cours particulier de Coréen (Présentiel)", "Naissance: 2003-09-30"], "existing": {"id": 7, "email": "anisnouri10@gmail.com", "phone": "+213558207601", "last_name": "Bey", "birth_date": "2003-09-30", "first_name": "Nouri", "specific_course": "Cours particulier de Coréen (Présentiel)"}}, {"new": {"email": "masyamama55@gmail.com", "phone": "+213676656237", "last_name": "Masmoudi", "birth_date": "2004-04-03", "first_name": "Elyamama", "specific_course": "Cours particulier de Chinois (En ligne)"}, "row": 16, "reasons": ["Prénom: Elyamama", "Nom: Masmoudi", "Email: masyamama55@gmail.com", "Cours: Cours particulier de Chinois (En ligne)", "Naissance: 2004-04-03"], "existing": {"id": 9, "email": "masyamama55@gmail.com", "phone": "+213676656237", "last_name": "Masmoudi", "birth_date": "2004-04-03", "first_name": "Elyamama", "specific_course": "Cours particulier de Chinois (En ligne)"}}, {"new": {"email": "brahimi.mimine@gmail.com", "phone": "+213660685441", "last_name": "BRAHIMI", "birth_date": "", "first_name": "Mohamed Amine", "specific_course": "Cours particulier de Chinois (Présentiel)"}, "row": 18, "reasons": ["Prénom: Mohamed Amine", "Nom: BRAHIMI", "Email: brahimi.mimine@gmail.com", "Cours: Cours particulier de Chinois (Présentiel)"], "existing": {"id": 11, "email": "brahimi.mimine@gmail.com", "phone": "+213660685441", "last_name": "BRAHIMI", "birth_date": "", "first_name": "Mohamed Amine", "specific_course": "Cours particulier de Chinois (Présentiel)"}}, {"new": {"email": "ranmedcine@gmail.com", "phone": "+213552957863", "last_name": "Ouerdane", "birth_date": "", "first_name": "Rania", "specific_course": ""}, "row": 19, "reasons": ["Prénom: Rania", "Nom: Ouerdane", "Email: ranmedcine@gmail.com"], "existing": {"id": 12, "email": "ranmedcine@gmail.com", "phone": "+213552957863", "last_name": "Ouerdane", "birth_date": "", "first_name": "Rania", "specific_course": "Japonais pour débutants (Marugoto A1)"}}, {"new": {"email": "keltoumziani@hotmail.fr", "phone": "+33625961605", "last_name": "ZIANI", "birth_date": "1992-12-27", "first_name": "KELTOUM", "specific_course": "Cours particulier de Japonais (En ligne)"}, "row": 23, "reasons": ["Prénom: KELTOUM", "Nom: ZIANI", "Email: keltoumziani@hotmail.fr", "Cours: Cours particulier de Japonais (En ligne)", "Naissance: 1992-12-27"], "existing": {"id": 16, "email": "keltoumziani@hotmail.fr", "phone": "+33625961605", "last_name": "ZIANI", "birth_date": "1992-12-27", "first_name": "KELTOUM", "specific_course": "Cours particulier de Japonais (En ligne)"}}, {"new": {"email": "amaliaibtissem@gmail.com", "phone": "+213663344511", "last_name": "Ibtissam", "birth_date": "2003-06-22", "first_name": "BENOUMELGHAR", "specific_course": ""}, "row": 25, "reasons": ["Prénom: BENOUMELGHAR", "Nom: Ibtissam", "Email: amaliaibtissem@gmail.com", "Naissance: 2003-06-22"], "existing": {"id": 18, "email": "amaliaibtissem@gmail.com", "phone": "+213663344511", "last_name": "Ibtissam", "birth_date": "2003-06-22", "first_name": "BENOUMELGHAR", "specific_course": "Atelier sushis (groupe en train d'être formé)"}}, {"new": {"email": "mohamedlotfichouial@gmail.com", "phone": "+213776170326", "last_name": "Chouial", "birth_date": "2002-07-16", "first_name": "Mohamed Lotfi", "specific_course": "Cours particulier de Japonais (En ligne)"}, "row": 27, "reasons": ["Prénom: Mohamed Lotfi", "Nom: Chouial", "Email: mohamedlotfichouial@gmail.com", "Cours: Cours particulier de Japonais (En ligne)", "Naissance: 2002-07-16"], "existing": {"id": 20, "email": "mohamedlotfichouial@gmail.com", "phone": "+213776170326", "last_name": "Chouial", "birth_date": "2002-07-16", "first_name": "Mohamed Lotfi", "specific_course": "Cours particulier de Japonais (En ligne)"}}, {"new": {"email": "linayahiaouiwork@gmail.com", "phone": "+213552522825", "last_name": "Intilligence", "birth_date": "2004-08-14", "first_name": "National", "specific_course": "Cours particulier de Chinois (Présentiel)"}, "row": 29, "reasons": ["Prénom: National", "Nom: Intilligence", "Email: linayahiaouiwork@gmail.com", "Cours: Cours particulier de Chinois (Présentiel)", "Naissance: 2004-08-14"], "existing": {"id": 22, "email": "linayahiaouiwork@gmail.com", "phone": "+213552522825", "last_name": "Intilligence", "birth_date": "2004-08-14", "first_name": "National", "specific_course": "Cours particulier de Chinois (Présentiel)"}}, {"new": {"email": "ETPHNESRAT@YAHOO.COM", "phone": "+213559907867", "last_name": "NESRAT", "birth_date": "1985-10-13", "first_name": "MOHAMMED SAID", "specific_course": "Cours particulier de Chinois (En ligne)"}, "row": 31, "reasons": ["Prénom: MOHAMMED SAID", "Nom: NESRAT", "Email: ETPHNESRAT@YAHOO.COM", "Cours: Cours particulier de Chinois (En ligne)", "Naissance: 1985-10-13"], "existing": {"id": 5, "email": "etphnesrat@yahoo.com", "phone": "+213559907867", "last_name": "NESRAT", "birth_date": "1985-10-13", "first_name": "MOHAMMED SAID", "specific_course": "Cours particulier de Chinois (En ligne)"}}, {"new": {"email": "abdalbertein@gmail.com", "phone": "+213657406465", "last_name": "Abdelghani", "birth_date": "2005-10-10", "first_name": "Bousbaa", "specific_course": "Japonais niveau 3 - Session Janvier 2026"}, "row": 33, "reasons": ["Prénom: Bousbaa", "Nom: Abdelghani", "Email: abdalbertein@gmail.com", "Cours: Japonais niveau 3 - Session Janvier 2026", "Naissance: 2005-10-10"], "existing": {"id": 103, "email": "abdalbertein@gmail.com", "phone": "+213657406465", "last_name": "Abdelghani", "birth_date": "2005-10-10", "first_name": "Bousbaa", "specific_course": "Japonais niveau 3 - Session Janvier 2026"}}, {"new": {"email": "abdalbertein@gmail.com", "phone": "+213657406465", "last_name": "Abdelghani", "birth_date": "2005-10-10", "first_name": "Bousbaa", "specific_course": "Japonais niveau 3 - Session Janvier 2026"}, "row": 34, "reasons": ["Prénom: Bousbaa", "Nom: Abdelghani", "Email: abdalbertein@gmail.com", "Cours: Japonais niveau 3 - Session Janvier 2026", "Naissance: 2005-10-10"], "existing": {"id": 103, "email": "abdalbertein@gmail.com", "phone": "+213657406465", "last_name": "Abdelghani", "birth_date": "2005-10-10", "first_name": "Bousbaa", "specific_course": "Japonais niveau 3 - Session Janvier 2026"}}, {"new": {"email": "abdalbertein@gmail.com", "phone": "+213657406465", "last_name": "Abdelghani", "birth_date": "2005-10-12", "first_name": "Bousbaa", "specific_course": "Japonais niveau 3 - Session Janvier 2026"}, "row": 39, "reasons": ["Prénom: Bousbaa", "Nom: Abdelghani", "Email: abdalbertein@gmail.com", "Cours: Japonais niveau 3 - Session Janvier 2026", "Naissance: 2005-10-12"], "existing": {"id": 107, "email": "abdalbertein@gmail.com", "phone": "+213657406465", "last_name": "Abdelghani", "birth_date": "2005-10-12", "first_name": "Bousbaa", "specific_course": "Japonais niveau 3 - Session Janvier 2026"}}, {"new": {"email": "abdalbertein@gmail.com", "phone": "+213657406465", "last_name": "Abdelghani", "birth_date": "2005-10-12", "first_name": "Bousbaa", "specific_course": "Japonais niveau 3 - Session Janvier 2026"}, "row": 40, "reasons": ["Prénom: Bousbaa", "Nom: Abdelghani", "Email: abdalbertein@gmail.com", "Cours: Japonais niveau 3 - Session Janvier 2026", "Naissance: 2005-10-12"], "existing": {"id": 107, "email": "abdalbertein@gmail.com", "phone": "+213657406465", "last_name": "Abdelghani", "birth_date": "2005-10-12", "first_name": "Bousbaa", "specific_course": "Japonais niveau 3 - Session Janvier 2026"}}, {"new": {"email": "nesrinebaouni2@gmail.com", "phone": "+213779601463", "last_name": "Baouni", "birth_date": "2004-09-18", "first_name": "Nesrine", "specific_course": "Cours particulier de Coréen (Présentiel)"}, "row": 42, "reasons": ["Prénom: Nesrine", "Nom: Baouni", "Email: nesrinebaouni2@gmail.com", "Cours: Cours particulier de Coréen (Présentiel)", "Naissance: 2004-09-18"], "existing": {"id": 30, "email": "nesrinebaouni2@gmail.com", "phone": "+213779601463", "last_name": "Baouni", "birth_date": "2004-09-18", "first_name": "Nesrine", "specific_course": "Cours particulier de Coréen (Présentiel)"}}, {"new": {"email": "manelhirechstudios@gmail.com", "phone": "+213558716289", "last_name": "hireche", "birth_date": "1998-12-11", "first_name": "Fatima zahra", "specific_course": ""}, "row": 44, "reasons": ["Prénom: Fatima zahra", "Nom: hireche", "Email: manelhirechstudios@gmail.com", "Naissance: 1998-12-11"], "existing": {"id": 32, "email": "manelhirechstudios@gmail.com", "phone": "+213558716289", "last_name": "hireche", "birth_date": "1998-12-11", "first_name": "Fatima zahra", "specific_course": "Japonais en ligne Niveau 1 (préparation N5)"}}, {"new": {"email": "nabil30222@hotmail.com", "phone": "+213668242422", "last_name": "Hadj Slimane", "birth_date": "1998-06-30", "first_name": "Nabil", "specific_course": "Cours particulier de Coréen (En ligne)"}, "row": 46, "reasons": ["Prénom: Nabil", "Nom: Hadj Slimane", "Email: nabil30222@hotmail.com", "Cours: Cours particulier de Coréen (En ligne)", "Naissance: 1998-06-30"], "existing": {"id": 34, "email": "nabil30222@hotmail.com", "phone": "+213668242422", "last_name": "Hadj Slimane", "birth_date": "1998-06-30", "first_name": "Nabil", "specific_course": "Cours particulier de Coréen (En ligne)"}}, {"new": {"email": "nabil30222@hotmail.com", "phone": "+213668242422", "last_name": "Hadj Slimane", "birth_date": "1998-06-30", "first_name": "Nabil", "specific_course": "Cours particulier de Coréen (Présentiel)"}, "row": 47, "reasons": ["Prénom: Nabil", "Nom: Hadj Slimane", "Email: nabil30222@hotmail.com", "Cours: Cours particulier de Coréen (Présentiel)", "Naissance: 1998-06-30"], "existing": {"id": 35, "email": "nabil30222@hotmail.com", "phone": "+213668242422", "last_name": "Hadj Slimane", "birth_date": "1998-06-30", "first_name": "Nabil", "specific_course": "Cours particulier de Coréen (Présentiel)"}}, {"new": {"email": "belloulaimen@gmail.com", "phone": "+213542791167", "last_name": "belloul", "birth_date": "1995-12-14", "first_name": "aimen nedjm eddine", "specific_course": ""}, "row": 49, "reasons": ["Prénom: aimen nedjm eddine", "Nom: belloul", "Email: belloulaimen@gmail.com", "Naissance: 1995-12-14"], "existing": {"id": 40, "email": "belloulaimen@gmail.com", "phone": "+213542791167", "last_name": "belloul", "birth_date": "1995-12-14", "first_name": "aimen nedjm eddine", "specific_course": "Japonais en ligne Niveau 1 (préparation N5)"}}, {"new": {"email": "rahmazaghlaoui191@gmail.com", "phone": "+213664742262", "last_name": "Zaghlaoui", "birth_date": "1999-04-01", "first_name": "Rahma", "specific_course": ""}, "row": 51, "reasons": ["Prénom: Rahma", "Nom: Zaghlaoui", "Email: rahmazaghlaoui191@gmail.com", "Naissance: 1999-04-01"], "existing": {"id": 39, "email": "rahmazaghlaoui191@gmail.com", "phone": "+213664742262", "last_name": "Zaghlaoui", "birth_date": "1999-04-01", "first_name": "Rahma", "specific_course": "Japonais en ligne Niveau 1 (préparation N5)"}}, {"new": {"email": "belloulaimen@gmail.com", "phone": "+213542791167", "last_name": "belloul", "birth_date": "1995-12-14", "first_name": "aimen nedjm eddine", "specific_course": ""}, "row": 52, "reasons": ["Prénom: aimen nedjm eddine", "Nom: belloul", "Email: belloulaimen@gmail.com", "Naissance: 1995-12-14"], "existing": {"id": 40, "email": "belloulaimen@gmail.com", "phone": "+213542791167", "last_name": "belloul", "birth_date": "1995-12-14", "first_name": "aimen nedjm eddine", "specific_course": "Japonais en ligne Niveau 1 (préparation N5)"}}, {"new": {"email": "malia.aitmes@gmail.com", "phone": "+213560127468", "last_name": "Ait Messaoudene", "birth_date": "2001-05-17", "first_name": "Malia", "specific_course": "Chinois niveau 1 - Session Janvier 2026"}, "row": 55, "reasons": ["Prénom: Malia", "Nom: Ait Messaoudene", "Email: malia.aitmes@gmail.com", "Cours: Chinois niveau 1 - Session Janvier 2026", "Naissance: 2001-05-17"], "existing": {"id": 114, "email": "malia.aitmes@gmail.com", "phone": "+213560127468", "last_name": "Ait Messaoudene", "birth_date": "2001-05-17", "first_name": "Malia", "specific_course": "Chinois niveau 1 - Session Janvier 2026"}}, {"new": {"email": "malia.aitmes@gmail.com", "phone": "+213560127468", "last_name": "Ait Messaoudene", "birth_date": "2001-05-17", "first_name": "Malia", "specific_course": "Chinois niveau 1 - Session Janvier 2026"}, "row": 56, "reasons": ["Prénom: Malia", "Nom: Ait Messaoudene", "Email: malia.aitmes@gmail.com", "Cours: Chinois niveau 1 - Session Janvier 2026", "Naissance: 2001-05-17"], "existing": {"id": 114, "email": "malia.aitmes@gmail.com", "phone": "+213560127468", "last_name": "Ait Messaoudene", "birth_date": "2001-05-17", "first_name": "Malia", "specific_course": "Chinois niveau 1 - Session Janvier 2026"}}, {"new": {"email": "benbelghitmaroua95@gmail.com", "phone": "", "last_name": "Benbelghit", "birth_date": "1995-11-16", "first_name": "Maroua", "specific_course": "Cours particulier de Japonais (En ligne)"}, "row": 57, "reasons": ["Prénom: Maroua", "Nom: Benbelghit", "Email: benbelghitmaroua95@gmail.com", "Cours: Cours particulier de Japonais (En ligne)", "Naissance: 1995-11-16"], "existing": {"id": 43, "email": "benbelghitmaroua95@gmail.com", "phone": "", "last_name": "Benbelghit", "birth_date": "1995-11-16", "first_name": "Maroua", "specific_course": "Cours particulier de Japonais (En ligne)"}}, {"new": {"email": "anaiskatti@gmail.com", "phone": "+213797042858", "last_name": "Katti", "birth_date": "2003-11-03", "first_name": "Anais", "specific_course": "Chinois niveau 1 - Session Janvier 2026"}, "row": 59, "reasons": ["Prénom: Anais", "Nom: Katti", "Email: anaiskatti@gmail.com", "Cours: Chinois niveau 1 - Session Janvier 2026", "Naissance: 2003-11-03"], "existing": {"id": 115, "email": "anaiskatti@gmail.com", "phone": "+213797042858", "last_name": "Katti", "birth_date": "2003-11-03", "first_name": "Anais", "specific_course": "Chinois niveau 1 - Session Janvier 2026"}}, {"new": {"email": "amiramenasri09@gmail.com", "phone": "+213773340495", "last_name": "Menasri", "birth_date": "2000-09-23", "first_name": "Amira", "specific_course": ""}, "row": 61, "reasons": ["Prénom: Amira", "Nom: Menasri", "Email: amiramenasri09@gmail.com", "Naissance: 2000-09-23"], "existing": {"id": 46, "email": "amiramenasri09@gmail.com", "phone": "+213773340495", "last_name": "Menasri", "birth_date": "2000-09-23", "first_name": "Amira", "specific_course": "Atelier sushis (groupe en train d'être formé)"}}, {"new": {"email": "taibihasni27@gmail.com", "phone": "+213655112830", "last_name": "taibi", "birth_date": "1998-05-09", "first_name": "hasni", "specific_course": "Chinois niveau 1 - Session Janvier 2026"}, "row": 63, "reasons": ["Prénom: hasni", "Nom: taibi", "Email: taibihasni27@gmail.com", "Cours: Chinois niveau 1 - Session Janvier 2026", "Naissance: 1998-05-09"], "existing": {"id": 117, "email": "taibihasni27@gmail.com", "phone": "+213655112830", "last_name": "taibi", "birth_date": "1998-05-09", "first_name": "hasni", "specific_course": "Chinois niveau 1 - Session Janvier 2026"}}, {"new": {"email": "s.benslimane98@gmail.com", "phone": "+33651047163", "last_name": "Benslimane", "birth_date": "", "first_name": "Soraya", "specific_course": "Cours particulier de Chinois (En ligne)"}, "row": 65, "reasons": ["Prénom: Soraya", "Nom: Benslimane", "Email: s.benslimane98@gmail.com", "Cours: Cours particulier de Chinois (En ligne)"], "existing": {"id": 49, "email": "s.benslimane98@gmail.com", "phone": "+33651047163", "last_name": "Benslimane", "birth_date": "", "first_name": "Soraya", "specific_course": "Cours particulier de Chinois (En ligne)"}}, {"new": {"email": "s.benslimane98@gmail.com", "phone": "+33651047163", "last_name": "Benslimane", "birth_date": "", "first_name": "Soraya", "specific_course": "Cours particulier de Chinois (En ligne)"}, "row": 66, "reasons": ["Prénom: Soraya", "Nom: Benslimane", "Email: s.benslimane98@gmail.com", "Cours: Cours particulier de Chinois (En ligne)"], "existing": {"id": 49, "email": "s.benslimane98@gmail.com", "phone": "+33651047163", "last_name": "Benslimane", "birth_date": "", "first_name": "Soraya", "specific_course": "Cours particulier de Chinois (En ligne)"}}, {"new": {"email": "takawtar36@gmail.com", "phone": "+213698041827", "last_name": "Tabani", "birth_date": "2004-04-12", "first_name": "Kaouthar", "specific_course": ""}, "row": 67, "reasons": ["Prénom: Kaouthar", "Nom: Tabani", "Email: takawtar36@gmail.com", "Naissance: 2004-04-12"], "existing": {"id": 50, "email": "takawtar36@gmail.com", "phone": "+213698041827", "last_name": "Tabani", "birth_date": "2004-04-12", "first_name": "Kaouthar", "specific_course": "Japonais en ligne Niveau 1 (préparation N5)"}}, {"new": {"email": "nourhanemesbah42@gmail.com", "phone": "+213563573620", "last_name": "mesbah", "birth_date": "2007-07-15", "first_name": "nourhane", "specific_course": ""}, "row": 69, "reasons": ["Prénom: nourhane", "Nom: mesbah", "Email: nourhanemesbah42@gmail.com", "Naissance: 2007-07-15"], "existing": {"id": 52, "email": "nourhanemesbah42@gmail.com", "phone": "+213563573620", "last_name": "mesbah", "birth_date": "2007-07-15", "first_name": "nourhane", "specific_course": "Japonais niveau JLPT N4"}}, {"new": {"email": "davidarib215@gmail.com", "phone": "+213557630106", "last_name": "Daoud", "birth_date": "2006-12-16", "first_name": "Arib", "specific_course": "Cours particulier de Japonais (En ligne)"}, "row": 70, "reasons": ["Prénom: Arib", "Nom: Daoud", "Email: davidarib215@gmail.com", "Cours: Cours particulier de Japonais (En ligne)", "Naissance: 2006-12-16"], "existing": {"id": 53, "email": "davidarib215@gmail.com", "phone": "+213557630106", "last_name": "Daoud", "birth_date": "2006-12-16", "first_name": "Arib", "specific_course": "Cours particulier de Japonais (En ligne)"}}, {"new": {"email": "hindbrixi29@outlook.com", "phone": "+213542325225", "last_name": "Brixi", "birth_date": "2001-06-01", "first_name": "Hind", "specific_course": ""}, "row": 71, "reasons": ["Prénom: Hind", "Nom: Brixi", "Email: hindbrixi29@outlook.com", "Naissance: 2001-06-01"], "existing": {"id": 54, "email": "hindbrixi29@outlook.com", "phone": "+213542325225", "last_name": "Brixi", "birth_date": "2001-06-01", "first_name": "Hind", "specific_course": "Atelier sushis (groupe en train d'être formé)"}}, {"new": {"email": "d.bizek@outlook.com", "phone": "+213661180180", "last_name": "Debili", "birth_date": "1980-07-25", "first_name": "Bizek", "specific_course": ""}, "row": 72, "reasons": ["Prénom: Bizek", "Nom: Debili", "Email: d.bizek@outlook.com", "Naissance: 1980-07-25"], "existing": {"id": 55, "email": "d.bizek@outlook.com", "phone": "+213661180180", "last_name": "Debili", "birth_date": "1980-07-25", "first_name": "Bizek", "specific_course": "Japonais en ligne Niveau 1 (préparation N5)"}}, {"new": {"email": "mesben89@gmail.com", "phone": "+213663305397", "last_name": "BEN HAMDOUNE", "birth_date": "1986-04-09", "first_name": "Messaoud", "specific_course": "Cours particulier de Chinois (Présentiel)"}, "row": 73, "reasons": ["Prénom: Messaoud", "Nom: BEN HAMDOUNE", "Email: mesben89@gmail.com", "Cours: Cours particulier de Chinois (Présentiel)", "Naissance: 1986-04-09"], "existing": {"id": 56, "email": "mesben89@gmail.com", "phone": "+213663305397", "last_name": "BEN HAMDOUNE", "birth_date": "1986-04-09", "first_name": "Messaoud", "specific_course": "Cours particulier de Chinois (Présentiel)"}}, {"new": {"email": "sakinabenbouzid8@gmail.com", "phone": "+213656898488", "last_name": "Ben", "birth_date": "2025-09-27", "first_name": "Sofia", "specific_course": "Cours particulier de Japonais (En ligne)"}, "row": 75, "reasons": ["Prénom: Sofia", "Nom: Ben", "Email: sakinabenbouzid8@gmail.com", "Cours: Cours particulier de Japonais (En ligne)", "Naissance: 2025-09-27"], "existing": {"id": 58, "email": "sakinabenbouzid8@gmail.com", "phone": "+213656898488", "last_name": "Ben", "birth_date": "2025-09-27", "first_name": "Sofia", "specific_course": "Cours particulier de Japonais (En ligne)"}}, {"new": {"email": "ikramharkoukene@gmail.com", "phone": "+213554933901", "last_name": "Harkoukene", "birth_date": "2002-05-17", "first_name": "Ikram", "specific_course": "Cours particulier de Coréen (En ligne)"}, "row": 76, "reasons": ["Prénom: Ikram", "Nom: Harkoukene", "Email: ikramharkoukene@gmail.com", "Cours: Cours particulier de Coréen (En ligne)", "Naissance: 2002-05-17"], "existing": {"id": 59, "email": "ikramharkoukene@gmail.com", "phone": "+213554933901", "last_name": "Harkoukene", "birth_date": "2002-05-17", "first_name": "Ikram", "specific_course": "Cours particulier de Coréen (En ligne)"}}, {"new": {"email": "meradabderrahmane911@gmail.com", "phone": "+213698854094", "last_name": "Merad", "birth_date": "2010-11-09", "first_name": "Abdou", "specific_course": ""}, "row": 78, "reasons": ["Prénom: Abdou", "Nom: Merad", "Email: meradabderrahmane911@gmail.com", "Naissance: 2010-11-09"], "existing": {"id": 62, "email": "meradabderrahmane911@gmail.com", "phone": "+213698854094", "last_name": "Merad", "birth_date": "2010-11-09", "first_name": "Abdou", "specific_course": "Japonais niveau 2 - Session Novembre 2025 (Préparation N5)"}}, {"new": {"email": "arroulkeltoum@gmail.com", "phone": "+213659977852", "last_name": "ARROUL", "birth_date": "2004-08-09", "first_name": "Keltoum", "specific_course": ""}, "row": 81, "reasons": ["Prénom: Keltoum", "Nom: ARROUL", "Email: arroulkeltoum@gmail.com", "Naissance: 2004-08-09"], "existing": {"id": 64, "email": "arroulkeltoum@gmail.com", "phone": "+213659977852", "last_name": "ARROUL", "birth_date": "2004-08-09", "first_name": "Keltoum", "specific_course": ""}}, {"new": {"email": "saighi.imane@outlook.com", "phone": "+213770565821", "last_name": "Saighi", "birth_date": "1991-06-10", "first_name": "Imane", "specific_course": ""}, "row": 84, "reasons": ["Prénom: Imane", "Nom: Saighi", "Email: saighi.imane@outlook.com", "Naissance: 1991-06-10"], "existing": {"id": 67, "email": "saighi.imane@outlook.com", "phone": "+213770565821", "last_name": "Saighi", "birth_date": "1991-06-10", "first_name": "Imane", "specific_course": "Atelier sushis (groupe en train d'être formé)"}}, {"new": {"email": "oubahfarahzohra@gmail.com", "phone": "+213697370918", "last_name": "oubah", "birth_date": "2002-02-18", "first_name": "farah", "specific_course": ""}, "row": 88, "reasons": ["Prénom: farah", "Nom: oubah", "Email: oubahfarahzohra@gmail.com", "Naissance: 2002-02-18"], "existing": {"id": 71, "email": "oubahfarahzohra@gmail.com", "phone": "+213697370918", "last_name": "oubah", "birth_date": "2002-02-18", "first_name": "farah", "specific_course": "Atelier sushis (groupe en train d'être formé)"}}, {"new": {"email": "khelladialaa286@gmail.com", "phone": "+213549482171", "last_name": "Khelladi", "birth_date": "2004-11-18", "first_name": "Alaa آلاء", "specific_course": "Cours particulier de Chinois (En ligne)"}, "row": 89, "reasons": ["Prénom: Alaa آلاء", "Nom: Khelladi", "Email: khelladialaa286@gmail.com", "Cours: Cours particulier de Chinois (En ligne)", "Naissance: 2004-11-18"], "existing": {"id": 72, "email": "khelladialaa286@gmail.com", "phone": "+213549482171", "last_name": "Khelladi", "birth_date": "2004-11-18", "first_name": "Alaa آلاء", "specific_course": "Cours particulier de Chinois (En ligne)"}}, {"new": {"email": "anstth03@gmail.com", "phone": "+213556462389", "last_name": "Tatah", "birth_date": "2003-05-12", "first_name": "Anais", "specific_course": "Chinois niveau 1 - Session Janvier 2026"}, "row": 90, "reasons": ["Prénom: Anais", "Nom: Tatah", "Email: anstth03@gmail.com", "Cours: Chinois niveau 1 - Session Janvier 2026", "Naissance: 2003-05-12"], "existing": {"id": 95, "email": "anstth03@gmail.com", "phone": "+213556462389", "last_name": "Tatah", "birth_date": "2003-05-12", "first_name": "Anais", "specific_course": "Chinois niveau 1 - Session Janvier 2026"}}, {"new": {"email": "farida.kebri@gmail.com", "phone": "+213661922405", "last_name": "kebri", "birth_date": "1972-02-06", "first_name": "farida", "specific_course": "Cours particulier de Coréen (En ligne)"}, "row": 91, "reasons": ["Prénom: farida", "Nom: kebri", "Email: farida.kebri@gmail.com", "Cours: Cours particulier de Coréen (En ligne)", "Naissance: 1972-02-06"], "existing": {"id": 73, "email": "farida.kebri@gmail.com", "phone": "+213661922405", "last_name": "kebri", "birth_date": "1972-02-06", "first_name": "farida", "specific_course": "Cours particulier de Coréen (En ligne)"}}, {"new": {"email": "rania.charif30@gmail.com", "phone": "+213776842629", "last_name": "Charif", "birth_date": "2000-01-16", "first_name": "Rania", "specific_course": "Cours particulier de Coréen (En ligne)"}, "row": 94, "reasons": ["Prénom: Rania", "Nom: Charif", "Email: rania.charif30@gmail.com", "Cours: Cours particulier de Coréen (En ligne)", "Naissance: 2000-01-16"], "existing": {"id": 76, "email": "rania.charif30@gmail.com", "phone": "+213776842629", "last_name": "Charif", "birth_date": "2000-01-16", "first_name": "Rania", "specific_course": "Cours particulier de Coréen (En ligne)"}}, {"new": {"email": "djaouidabgy@gmail.com", "phone": "+213561806353", "last_name": "Bengayou", "birth_date": "1999-05-11", "first_name": "Djaouida", "specific_course": "Cours particulier de Coréen (Présentiel)"}, "row": 95, "reasons": ["Prénom: Djaouida", "Nom: Bengayou", "Email: djaouidabgy@gmail.com", "Cours: Cours particulier de Coréen (Présentiel)", "Naissance: 1999-05-11"], "existing": {"id": 77, "email": "djaouidabgy@gmail.com", "phone": "+213561806353", "last_name": "Bengayou", "birth_date": "1999-05-11", "first_name": "Djaouida", "specific_course": "Cours particulier de Coréen (Présentiel)"}}, {"new": {"email": "yasmineblacky27@gmail.com", "phone": "+213698500536", "last_name": "Yasmine", "birth_date": "1995-12-25", "first_name": "Yasmine", "specific_course": ""}, "row": 96, "reasons": ["Prénom: Yasmine", "Nom: Yasmine", "Email: yasmineblacky27@gmail.com", "Naissance: 1995-12-25"], "existing": {"id": 78, "email": "yasmineblacky27@gmail.com", "phone": "+213698500536", "last_name": "Yasmine", "birth_date": "1995-12-25", "first_name": "Yasmine", "specific_course": ""}}, {"new": {"email": "ikhiba2014@gmail.com", "phone": "+213661954887", "last_name": "Nasri", "birth_date": "1998-10-14", "first_name": "Mme", "specific_course": ""}, "row": 97, "reasons": ["Prénom: Mme", "Nom: Nasri", "Email: ikhiba2014@gmail.com", "Naissance: 1998-10-14"], "existing": {"id": 79, "email": "ikhiba2014@gmail.com", "phone": "+213661954887", "last_name": "Nasri", "birth_date": "1998-10-14", "first_name": "Mme", "specific_course": "Atelier sushis (groupe en train d'être formé)"}}, {"new": {"email": "damialyna64@gmail.com", "phone": "+213794106287", "last_name": "AIT IDIR", "birth_date": "2003-01-06", "first_name": "Damia Lyna", "specific_course": "Cours particulier de Coréen (En ligne)"}, "row": 98, "reasons": ["Prénom: Damia Lyna", "Nom: AIT IDIR", "Email: damialyna64@gmail.com", "Cours: Cours particulier de Coréen (En ligne)", "Naissance: 2003-01-06"], "existing": {"id": 80, "email": "damialyna64@gmail.com", "phone": "+213794106287", "last_name": "AIT IDIR", "birth_date": "2003-01-06", "first_name": "Damia Lyna", "specific_course": "Cours particulier de Coréen (En ligne)"}}, {"new": {"email": "yanisb598@gmail.com", "phone": "+213555696868", "last_name": "BARBARA", "birth_date": "1998-10-14", "first_name": "Mohamed Yanis", "specific_course": ""}, "row": 99, "reasons": ["Prénom: Mohamed Yanis", "Nom: BARBARA", "Email: yanisb598@gmail.com", "Naissance: 1998-10-14"], "existing": {"id": 81, "email": "yanisb598@gmail.com", "phone": "+213555696868", "last_name": "BARBARA", "birth_date": "1998-10-14", "first_name": "Mohamed Yanis", "specific_course": ""}}, {"new": {"email": "lakebsalima@gmail.com", "phone": "+213541345980", "last_name": "Lakeb", "birth_date": "2006-09-10", "first_name": "Salima", "specific_course": ""}, "row": 100, "reasons": ["Prénom: Salima", "Nom: Lakeb", "Email: lakebsalima@gmail.com", "Naissance: 2006-09-10"], "existing": {"id": 82, "email": "lakebsalima@gmail.com", "phone": "+213541345980", "last_name": "Lakeb", "birth_date": "2006-09-10", "first_name": "Salima", "specific_course": ""}}, {"new": {"email": "dzirihana27@gmail.com", "phone": "+213556831446", "last_name": "Dziri", "birth_date": "2004-11-27", "first_name": "Hana", "specific_course": ""}, "row": 101, "reasons": ["Prénom: Hana", "Nom: Dziri", "Email: dzirihana27@gmail.com", "Naissance: 2004-11-27"], "existing": {"id": 123, "email": "dzirihana27@gmail.com", "phone": "+213557831446", "last_name": "Dziri", "birth_date": "2004-11-27", "first_name": "Hana", "specific_course": "Chinois niveau 1 - Session Janvier 2026"}}]	[]	[{"row": 2, "name": "Madina Talha", "email": "madinatalha24@gmail.com", "reason": "Nouveau prospect créé", "prospect_id": 86}, {"row": 3, "name": "Houssem Benmesbah", "email": "benmesbah.houssem1@gmail.com", "reason": "Nouveau prospect créé", "prospect_id": 87}, {"row": 4, "name": "Sophonisbe Hemmaz", "email": "sophonisbe.hemmaz@gmail.com", "reason": "Nouveau prospect créé", "prospect_id": 88}, {"row": 5, "name": "Meriem Defallah", "email": "meriemdefallah@gmail.com", "reason": "Nouveau prospect créé", "prospect_id": 89}, {"row": 6, "name": "Fatima Zohra Hassouna", "email": "hassounafatima@outlook.com", "reason": "Nouveau prospect créé", "prospect_id": 90}, {"row": 7, "name": "nedjma si ahmed", "email": "nedjmaxnedjma@gmail.com", "reason": "Nouveau prospect créé", "prospect_id": 91}, {"row": 10, "name": "Houdaifa Merabet", "email": "yajienrobe@gmail.com", "reason": "Nouveau prospect créé", "prospect_id": 92}, {"row": 11, "name": "Yahia Bensaleh", "email": "a@gmail.com", "reason": "Nouveau prospect créé", "prospect_id": 93}, {"row": 15, "name": "houda sahnoune", "email": "houda.sahnoune253@gmail.com", "reason": "Nouveau prospect créé", "prospect_id": 94}, {"row": 17, "name": "Anais Tatah", "email": "anstth03@gmail.com", "reason": "Nouveau prospect créé", "prospect_id": 95}, {"row": 20, "name": "Yousra Belkessam", "email": "yousrabelkassam@gmail.com", "reason": "Nouveau prospect créé", "prospect_id": 96}, {"row": 21, "name": "Chourouk Zitouni", "email": "chourouk.dilara@gmail.com", "reason": "Nouveau prospect créé", "prospect_id": 97}, {"row": 22, "name": "anis cherragui", "email": "cherraguianis@gmail.com", "reason": "Nouveau prospect créé", "prospect_id": 98}, {"row": 24, "name": "Lilyan Ziani", "email": "linalona2198@gmail.com", "reason": "Nouveau prospect créé", "prospect_id": 99}, {"row": 26, "name": "Eline Goudjil", "email": "haouesgoudjil@gmail.com", "reason": "Nouveau prospect créé", "prospect_id": 100}, {"row": 28, "name": "Wassila Hireche", "email": "wassilahireche77@gmail.com", "reason": "Nouveau prospect créé", "prospect_id": 101}, {"row": 30, "name": "Lina Yahiaoui", "email": "linayhaioauiwork@gmail.com", "reason": "Nouveau prospect créé", "prospect_id": 102}, {"row": 32, "name": "Bousbaa Abdelghani", "email": "abdalbertein@gmail.com", "reason": "Nouveau prospect créé", "prospect_id": 103}, {"row": 35, "name": "Hasni Imane", "email": "hasnimane05@gmail.com", "reason": "Nouveau prospect créé", "prospect_id": 104}, {"row": 36, "name": "Hamza Allou", "email": "allouhamza92@gmail.com", "reason": "Nouveau prospect créé", "prospect_id": 105}, {"row": 37, "name": "Ahlem Balaouan", "email": "ahlem.balaouan@yahoo.fr", "reason": "Nouveau prospect créé", "prospect_id": 106}, {"row": 38, "name": "Bousbaa Abdelghani", "email": "abdalbertein@gmail.com", "reason": "Nouveau prospect créé", "prospect_id": 107}, {"row": 41, "name": "Mohamed abdeldjouad Medjadji", "email": "mohamedjawed@icloud.com", "reason": "Nouveau prospect créé", "prospect_id": 108}, {"row": 43, "name": "Souheil Rabia", "email": "souheel45@gmail.com", "reason": "Nouveau prospect créé", "prospect_id": 109}, {"row": 45, "name": "Maroua ABDEDDAIM", "email": "maroua.abdeddaim@gmail.com", "reason": "Nouveau prospect créé", "prospect_id": 110}, {"row": 48, "name": "Hamid Khadir", "email": "hamid_khadir@hotmail.com", "reason": "Nouveau prospect créé", "prospect_id": 111}, {"row": 50, "name": "Benyamin herizi", "email": "kikyo2008@live.fr", "reason": "Nouveau prospect créé", "prospect_id": 112}, {"row": 53, "name": "Abdelmadjid Kourdali", "email": "madjidkourdali1@gmail.com", "reason": "Nouveau prospect créé", "prospect_id": 113}, {"row": 54, "name": "Malia Ait Messaoudene", "email": "malia.aitmes@gmail.com", "reason": "Nouveau prospect créé", "prospect_id": 114}, {"row": 58, "name": "Anais Katti", "email": "anaiskatti@gmail.com", "reason": "Nouveau prospect créé", "prospect_id": 115}, {"row": 60, "name": "Aziz Fares", "email": "faresaziz973@gmail.com", "reason": "Nouveau prospect créé", "prospect_id": 116}, {"row": 62, "name": "hasni taibi", "email": "taibihasni27@gmail.com", "reason": "Nouveau prospect créé", "prospect_id": 117}, {"row": 64, "name": "Lyna Sarah KAIL", "email": "kail.lyna.sarah@gmail.com", "reason": "Nouveau prospect créé", "prospect_id": 118}, {"row": 68, "name": "Hadil Maarouf", "email": "hadilmaarouf079@gmail.com", "reason": "Nouveau prospect créé", "prospect_id": 119}, {"row": 74, "name": "Sofia Ben", "email": "sakinabenbouzid8@gmail.com", "reason": "Nouveau prospect créé", "prospect_id": 120}, {"row": 77, "name": "Mahdi Mansouri", "email": "m.mansouri.mahdi@gmail.com", "reason": "Nouveau prospect créé", "prospect_id": 121}, {"row": 79, "name": "Abdou Merad", "email": "meradabderrahmane911@gmail.com", "reason": "Nouveau prospect créé", "prospect_id": 122}, {"row": 80, "name": "Hana Dziri", "email": "dzirihana27@gmail.com", "reason": "Nouveau prospect créé", "prospect_id": 123}, {"row": 82, "name": "Saliha Zaidi", "email": "bentayeb.o@gmail.com", "reason": "Nouveau prospect créé", "prospect_id": 124}, {"row": 83, "name": "Sara Taibi", "email": "sarataibi312@icloud.com", "reason": "Nouveau prospect créé", "prospect_id": 125}, {"row": 85, "name": "Imene Hassouna", "email": "imeneimene05@icloud.com", "reason": "Nouveau prospect créé", "prospect_id": 126}, {"row": 86, "name": "Lamine GHEMATI", "email": "lamine187@gmail.com", "reason": "Nouveau prospect créé", "prospect_id": 127}, {"row": 87, "name": "Omar El Farouk Gassem", "email": "oefgassem@gmail.com", "reason": "Nouveau prospect créé", "prospect_id": 128}, {"row": 92, "name": "Darine Achouri", "email": "mouna_08_04@hotmail.com", "reason": "Nouveau prospect créé", "prospect_id": 129}, {"row": 93, "name": "Aliouane Asma", "email": "aliouaneasma99@gmail.com", "reason": "Nouveau prospect créé", "prospect_id": 130}]	[{"row": 8, "name": "Mohamed Meghraoui", "email": "mohamedolerd@gmail.com", "reason": "Doublon détecté - Données fusionnées", "criteria": ["Prénom: Mohamed", "Nom: Meghraoui", "Email: mohamedolerd@gmail.com", "Naissance: 2002-06-23"], "prospect_id": 1}, {"row": 9, "name": "Adam Tizerarine", "email": "adamtizerarine940@gmail.com", "reason": "Doublon détecté - Données fusionnées", "criteria": ["Prénom: Adam", "Nom: Tizerarine", "Email: adamtizerarine940@gmail.com", "Naissance: 2007-09-01"], "prospect_id": 2}, {"row": 12, "name": "MOHAMMED SAID NESRAT", "email": "etphnesrat@yahoo.com", "reason": "Doublon détecté - Données fusionnées", "criteria": ["Prénom: MOHAMMED SAID", "Nom: NESRAT", "Email: etphnesrat@yahoo.com", "Cours: Cours particulier de Chinois (En ligne)", "Naissance: 1985-10-13"], "prospect_id": 5}, {"row": 13, "name": "Fatima zahra hireche", "email": "manelhirechstudios@gmail.com", "reason": "Doublon détecté - Données fusionnées", "criteria": ["Prénom: Fatima zahra", "Nom: hireche", "Email: manelhirechstudios@gmail.com", "Cours: Cours particulier de Japonais (En ligne)", "Naissance: 1998-12-11"], "prospect_id": 6}, {"row": 14, "name": "Nouri Bey", "email": "anisnouri10@gmail.com", "reason": "Doublon détecté - Données fusionnées", "criteria": ["Prénom: Nouri", "Nom: Bey", "Email: anisnouri10@gmail.com", "Cours: Cours particulier de Coréen (Présentiel)", "Naissance: 2003-09-30"], "prospect_id": 7}, {"row": 16, "name": "Elyamama Masmoudi", "email": "masyamama55@gmail.com", "reason": "Doublon détecté - Données fusionnées", "criteria": ["Prénom: Elyamama", "Nom: Masmoudi", "Email: masyamama55@gmail.com", "Cours: Cours particulier de Chinois (En ligne)", "Naissance: 2004-04-03"], "prospect_id": 9}, {"row": 18, "name": "Mohamed Amine BRAHIMI", "email": "brahimi.mimine@gmail.com", "reason": "Doublon détecté - Données fusionnées", "criteria": ["Prénom: Mohamed Amine", "Nom: BRAHIMI", "Email: brahimi.mimine@gmail.com", "Cours: Cours particulier de Chinois (Présentiel)"], "prospect_id": 11}, {"row": 19, "name": "Rania Ouerdane", "email": "ranmedcine@gmail.com", "reason": "Doublon détecté - Données fusionnées", "criteria": ["Prénom: Rania", "Nom: Ouerdane", "Email: ranmedcine@gmail.com"], "prospect_id": 12}, {"row": 23, "name": "KELTOUM ZIANI", "email": "keltoumziani@hotmail.fr", "reason": "Doublon détecté - Données fusionnées", "criteria": ["Prénom: KELTOUM", "Nom: ZIANI", "Email: keltoumziani@hotmail.fr", "Cours: Cours particulier de Japonais (En ligne)", "Naissance: 1992-12-27"], "prospect_id": 16}, {"row": 25, "name": "BENOUMELGHAR Ibtissam", "email": "amaliaibtissem@gmail.com", "reason": "Doublon détecté - Données fusionnées", "criteria": ["Prénom: BENOUMELGHAR", "Nom: Ibtissam", "Email: amaliaibtissem@gmail.com", "Naissance: 2003-06-22"], "prospect_id": 18}, {"row": 27, "name": "Mohamed Lotfi Chouial", "email": "mohamedlotfichouial@gmail.com", "reason": "Doublon détecté - Données fusionnées", "criteria": ["Prénom: Mohamed Lotfi", "Nom: Chouial", "Email: mohamedlotfichouial@gmail.com", "Cours: Cours particulier de Japonais (En ligne)", "Naissance: 2002-07-16"], "prospect_id": 20}, {"row": 29, "name": "National Intilligence", "email": "linayahiaouiwork@gmail.com", "reason": "Doublon détecté - Données fusionnées", "criteria": ["Prénom: National", "Nom: Intilligence", "Email: linayahiaouiwork@gmail.com", "Cours: Cours particulier de Chinois (Présentiel)", "Naissance: 2004-08-14"], "prospect_id": 22}, {"row": 31, "name": "MOHAMMED SAID NESRAT", "email": "etphnesrat@yahoo.com", "reason": "Doublon détecté - Données fusionnées", "criteria": ["Prénom: MOHAMMED SAID", "Nom: NESRAT", "Email: ETPHNESRAT@YAHOO.COM", "Cours: Cours particulier de Chinois (En ligne)", "Naissance: 1985-10-13"], "prospect_id": 5}, {"row": 33, "name": "Bousbaa Abdelghani", "email": "abdalbertein@gmail.com", "reason": "Doublon détecté - Données fusionnées", "criteria": ["Prénom: Bousbaa", "Nom: Abdelghani", "Email: abdalbertein@gmail.com", "Cours: Japonais niveau 3 - Session Janvier 2026", "Naissance: 2005-10-10"], "prospect_id": 103}, {"row": 34, "name": "Bousbaa Abdelghani", "email": "abdalbertein@gmail.com", "reason": "Doublon détecté - Données fusionnées", "criteria": ["Prénom: Bousbaa", "Nom: Abdelghani", "Email: abdalbertein@gmail.com", "Cours: Japonais niveau 3 - Session Janvier 2026", "Naissance: 2005-10-10"], "prospect_id": 103}, {"row": 39, "name": "Bousbaa Abdelghani", "email": "abdalbertein@gmail.com", "reason": "Doublon détecté - Données fusionnées", "criteria": ["Prénom: Bousbaa", "Nom: Abdelghani", "Email: abdalbertein@gmail.com", "Cours: Japonais niveau 3 - Session Janvier 2026", "Naissance: 2005-10-12"], "prospect_id": 107}, {"row": 40, "name": "Bousbaa Abdelghani", "email": "abdalbertein@gmail.com", "reason": "Doublon détecté - Données fusionnées", "criteria": ["Prénom: Bousbaa", "Nom: Abdelghani", "Email: abdalbertein@gmail.com", "Cours: Japonais niveau 3 - Session Janvier 2026", "Naissance: 2005-10-12"], "prospect_id": 107}, {"row": 42, "name": "Nesrine Baouni", "email": "nesrinebaouni2@gmail.com", "reason": "Doublon détecté - Données fusionnées", "criteria": ["Prénom: Nesrine", "Nom: Baouni", "Email: nesrinebaouni2@gmail.com", "Cours: Cours particulier de Coréen (Présentiel)", "Naissance: 2004-09-18"], "prospect_id": 30}, {"row": 44, "name": "Fatima zahra hireche", "email": "manelhirechstudios@gmail.com", "reason": "Doublon détecté - Données fusionnées", "criteria": ["Prénom: Fatima zahra", "Nom: hireche", "Email: manelhirechstudios@gmail.com", "Naissance: 1998-12-11"], "prospect_id": 32}, {"row": 46, "name": "Nabil Hadj Slimane", "email": "nabil30222@hotmail.com", "reason": "Doublon détecté - Données fusionnées", "criteria": ["Prénom: Nabil", "Nom: Hadj Slimane", "Email: nabil30222@hotmail.com", "Cours: Cours particulier de Coréen (En ligne)", "Naissance: 1998-06-30"], "prospect_id": 34}, {"row": 47, "name": "Nabil Hadj Slimane", "email": "nabil30222@hotmail.com", "reason": "Doublon détecté - Données fusionnées", "criteria": ["Prénom: Nabil", "Nom: Hadj Slimane", "Email: nabil30222@hotmail.com", "Cours: Cours particulier de Coréen (Présentiel)", "Naissance: 1998-06-30"], "prospect_id": 35}, {"row": 49, "name": "aimen nedjm eddine belloul", "email": "belloulaimen@gmail.com", "reason": "Doublon détecté - Données fusionnées", "criteria": ["Prénom: aimen nedjm eddine", "Nom: belloul", "Email: belloulaimen@gmail.com", "Naissance: 1995-12-14"], "prospect_id": 40}, {"row": 51, "name": "Rahma Zaghlaoui", "email": "rahmazaghlaoui191@gmail.com", "reason": "Doublon détecté - Données fusionnées", "criteria": ["Prénom: Rahma", "Nom: Zaghlaoui", "Email: rahmazaghlaoui191@gmail.com", "Naissance: 1999-04-01"], "prospect_id": 39}, {"row": 52, "name": "aimen nedjm eddine belloul", "email": "belloulaimen@gmail.com", "reason": "Doublon détecté - Données fusionnées", "criteria": ["Prénom: aimen nedjm eddine", "Nom: belloul", "Email: belloulaimen@gmail.com", "Naissance: 1995-12-14"], "prospect_id": 40}, {"row": 55, "name": "Malia Ait Messaoudene", "email": "malia.aitmes@gmail.com", "reason": "Doublon détecté - Données fusionnées", "criteria": ["Prénom: Malia", "Nom: Ait Messaoudene", "Email: malia.aitmes@gmail.com", "Cours: Chinois niveau 1 - Session Janvier 2026", "Naissance: 2001-05-17"], "prospect_id": 114}, {"row": 56, "name": "Malia Ait Messaoudene", "email": "malia.aitmes@gmail.com", "reason": "Doublon détecté - Données fusionnées", "criteria": ["Prénom: Malia", "Nom: Ait Messaoudene", "Email: malia.aitmes@gmail.com", "Cours: Chinois niveau 1 - Session Janvier 2026", "Naissance: 2001-05-17"], "prospect_id": 114}, {"row": 57, "name": "Maroua Benbelghit", "email": "benbelghitmaroua95@gmail.com", "reason": "Doublon détecté - Données fusionnées", "criteria": ["Prénom: Maroua", "Nom: Benbelghit", "Email: benbelghitmaroua95@gmail.com", "Cours: Cours particulier de Japonais (En ligne)", "Naissance: 1995-11-16"], "prospect_id": 43}, {"row": 59, "name": "Anais Katti", "email": "anaiskatti@gmail.com", "reason": "Doublon détecté - Données fusionnées", "criteria": ["Prénom: Anais", "Nom: Katti", "Email: anaiskatti@gmail.com", "Cours: Chinois niveau 1 - Session Janvier 2026", "Naissance: 2003-11-03"], "prospect_id": 115}, {"row": 61, "name": "Amira Menasri", "email": "amiramenasri09@gmail.com", "reason": "Doublon détecté - Données fusionnées", "criteria": ["Prénom: Amira", "Nom: Menasri", "Email: amiramenasri09@gmail.com", "Naissance: 2000-09-23"], "prospect_id": 46}, {"row": 63, "name": "hasni taibi", "email": "taibihasni27@gmail.com", "reason": "Doublon détecté - Données fusionnées", "criteria": ["Prénom: hasni", "Nom: taibi", "Email: taibihasni27@gmail.com", "Cours: Chinois niveau 1 - Session Janvier 2026", "Naissance: 1998-05-09"], "prospect_id": 117}, {"row": 65, "name": "Soraya Benslimane", "email": "s.benslimane98@gmail.com", "reason": "Doublon détecté - Données fusionnées", "criteria": ["Prénom: Soraya", "Nom: Benslimane", "Email: s.benslimane98@gmail.com", "Cours: Cours particulier de Chinois (En ligne)"], "prospect_id": 49}, {"row": 66, "name": "Soraya Benslimane", "email": "s.benslimane98@gmail.com", "reason": "Doublon détecté - Données fusionnées", "criteria": ["Prénom: Soraya", "Nom: Benslimane", "Email: s.benslimane98@gmail.com", "Cours: Cours particulier de Chinois (En ligne)"], "prospect_id": 49}, {"row": 67, "name": "Kaouthar Tabani", "email": "takawtar36@gmail.com", "reason": "Doublon détecté - Données fusionnées", "criteria": ["Prénom: Kaouthar", "Nom: Tabani", "Email: takawtar36@gmail.com", "Naissance: 2004-04-12"], "prospect_id": 50}, {"row": 69, "name": "nourhane mesbah", "email": "nourhanemesbah42@gmail.com", "reason": "Doublon détecté - Données fusionnées", "criteria": ["Prénom: nourhane", "Nom: mesbah", "Email: nourhanemesbah42@gmail.com", "Naissance: 2007-07-15"], "prospect_id": 52}, {"row": 70, "name": "Arib Daoud", "email": "davidarib215@gmail.com", "reason": "Doublon détecté - Données fusionnées", "criteria": ["Prénom: Arib", "Nom: Daoud", "Email: davidarib215@gmail.com", "Cours: Cours particulier de Japonais (En ligne)", "Naissance: 2006-12-16"], "prospect_id": 53}, {"row": 71, "name": "Hind Brixi", "email": "hindbrixi29@outlook.com", "reason": "Doublon détecté - Données fusionnées", "criteria": ["Prénom: Hind", "Nom: Brixi", "Email: hindbrixi29@outlook.com", "Naissance: 2001-06-01"], "prospect_id": 54}, {"row": 72, "name": "Bizek Debili", "email": "d.bizek@outlook.com", "reason": "Doublon détecté - Données fusionnées", "criteria": ["Prénom: Bizek", "Nom: Debili", "Email: d.bizek@outlook.com", "Naissance: 1980-07-25"], "prospect_id": 55}, {"row": 73, "name": "Messaoud BEN HAMDOUNE", "email": "mesben89@gmail.com", "reason": "Doublon détecté - Données fusionnées", "criteria": ["Prénom: Messaoud", "Nom: BEN HAMDOUNE", "Email: mesben89@gmail.com", "Cours: Cours particulier de Chinois (Présentiel)", "Naissance: 1986-04-09"], "prospect_id": 56}, {"row": 75, "name": "Sofia Ben", "email": "sakinabenbouzid8@gmail.com", "reason": "Doublon détecté - Données fusionnées", "criteria": ["Prénom: Sofia", "Nom: Ben", "Email: sakinabenbouzid8@gmail.com", "Cours: Cours particulier de Japonais (En ligne)", "Naissance: 2025-09-27"], "prospect_id": 58}, {"row": 76, "name": "Ikram Harkoukene", "email": "ikramharkoukene@gmail.com", "reason": "Doublon détecté - Données fusionnées", "criteria": ["Prénom: Ikram", "Nom: Harkoukene", "Email: ikramharkoukene@gmail.com", "Cours: Cours particulier de Coréen (En ligne)", "Naissance: 2002-05-17"], "prospect_id": 59}, {"row": 78, "name": "Abdou Merad", "email": "meradabderrahmane911@gmail.com", "reason": "Doublon détecté - Données fusionnées", "criteria": ["Prénom: Abdou", "Nom: Merad", "Email: meradabderrahmane911@gmail.com", "Naissance: 2010-11-09"], "prospect_id": 62}, {"row": 81, "name": "Keltoum ARROUL", "email": "arroulkeltoum@gmail.com", "reason": "Doublon détecté - Données fusionnées", "criteria": ["Prénom: Keltoum", "Nom: ARROUL", "Email: arroulkeltoum@gmail.com", "Naissance: 2004-08-09"], "prospect_id": 64}, {"row": 84, "name": "Imane Saighi", "email": "saighi.imane@outlook.com", "reason": "Doublon détecté - Données fusionnées", "criteria": ["Prénom: Imane", "Nom: Saighi", "Email: saighi.imane@outlook.com", "Naissance: 1991-06-10"], "prospect_id": 67}, {"row": 88, "name": "farah oubah", "email": "oubahfarahzohra@gmail.com", "reason": "Doublon détecté - Données fusionnées", "criteria": ["Prénom: farah", "Nom: oubah", "Email: oubahfarahzohra@gmail.com", "Naissance: 2002-02-18"], "prospect_id": 71}, {"row": 89, "name": "Alaa آلاء Khelladi", "email": "khelladialaa286@gmail.com", "reason": "Doublon détecté - Données fusionnées", "criteria": ["Prénom: Alaa آلاء", "Nom: Khelladi", "Email: khelladialaa286@gmail.com", "Cours: Cours particulier de Chinois (En ligne)", "Naissance: 2004-11-18"], "prospect_id": 72}, {"row": 90, "name": "Anais Tatah", "email": "anstth03@gmail.com", "reason": "Doublon détecté - Données fusionnées", "criteria": ["Prénom: Anais", "Nom: Tatah", "Email: anstth03@gmail.com", "Cours: Chinois niveau 1 - Session Janvier 2026", "Naissance: 2003-05-12"], "prospect_id": 95}, {"row": 91, "name": "farida kebri", "email": "farida.kebri@gmail.com", "reason": "Doublon détecté - Données fusionnées", "criteria": ["Prénom: farida", "Nom: kebri", "Email: farida.kebri@gmail.com", "Cours: Cours particulier de Coréen (En ligne)", "Naissance: 1972-02-06"], "prospect_id": 73}, {"row": 94, "name": "Rania Charif", "email": "rania.charif30@gmail.com", "reason": "Doublon détecté - Données fusionnées", "criteria": ["Prénom: Rania", "Nom: Charif", "Email: rania.charif30@gmail.com", "Cours: Cours particulier de Coréen (En ligne)", "Naissance: 2000-01-16"], "prospect_id": 76}, {"row": 95, "name": "Djaouida Bengayou", "email": "djaouidabgy@gmail.com", "reason": "Doublon détecté - Données fusionnées", "criteria": ["Prénom: Djaouida", "Nom: Bengayou", "Email: djaouidabgy@gmail.com", "Cours: Cours particulier de Coréen (Présentiel)", "Naissance: 1999-05-11"], "prospect_id": 77}, {"row": 96, "name": "Yasmine Yasmine", "email": "yasmineblacky27@gmail.com", "reason": "Doublon détecté - Données fusionnées", "criteria": ["Prénom: Yasmine", "Nom: Yasmine", "Email: yasmineblacky27@gmail.com", "Naissance: 1995-12-25"], "prospect_id": 78}, {"row": 97, "name": "Mme Nasri", "email": "ikhiba2014@gmail.com", "reason": "Doublon détecté - Données fusionnées", "criteria": ["Prénom: Mme", "Nom: Nasri", "Email: ikhiba2014@gmail.com", "Naissance: 1998-10-14"], "prospect_id": 79}, {"row": 98, "name": "Damia Lyna AIT IDIR", "email": "damialyna64@gmail.com", "reason": "Doublon détecté - Données fusionnées", "criteria": ["Prénom: Damia Lyna", "Nom: AIT IDIR", "Email: damialyna64@gmail.com", "Cours: Cours particulier de Coréen (En ligne)", "Naissance: 2003-01-06"], "prospect_id": 80}, {"row": 99, "name": "Mohamed Yanis BARBARA", "email": "yanisb598@gmail.com", "reason": "Doublon détecté - Données fusionnées", "criteria": ["Prénom: Mohamed Yanis", "Nom: BARBARA", "Email: yanisb598@gmail.com", "Naissance: 1998-10-14"], "prospect_id": 81}, {"row": 100, "name": "Salima Lakeb", "email": "lakebsalima@gmail.com", "reason": "Doublon détecté - Données fusionnées", "criteria": ["Prénom: Salima", "Nom: Lakeb", "Email: lakebsalima@gmail.com", "Naissance: 2006-09-10"], "prospect_id": 82}, {"row": 101, "name": "Hana Dziri", "email": "dzirihana27@gmail.com", "reason": "Doublon détecté - Données fusionnées", "criteria": ["Prénom: Hana", "Nom: Dziri", "Email: dzirihana27@gmail.com", "Naissance: 2004-11-27"], "prospect_id": 123}]
\.


--
-- Data for Name: students_attendance; Type: TABLE DATA; Schema: public; Owner: yanis
--

COPY public.students_attendance (id, status, billable, note, updated_at, session_id, enrollment_id, student_id) FROM stdin;
1	PRESENT	t		2026-01-06 14:16:05.56149+01	2	1	7
2	PRESENT	t		2026-01-06 14:16:05.561503+01	3	1	7
3	PRESENT	t		2026-01-06 14:16:05.561507+01	4	1	7
4	PRESENT	t		2026-01-06 14:16:05.561511+01	5	1	7
5	PRESENT	t		2026-01-06 14:16:05.561514+01	6	1	7
6	PRESENT	t		2026-01-06 14:16:05.561517+01	7	1	7
7	PRESENT	t		2026-01-06 14:18:03.308759+01	2	2	8
8	PRESENT	t		2026-01-06 14:18:03.308771+01	3	2	8
9	PRESENT	t		2026-01-06 14:18:03.308774+01	4	2	8
10	PRESENT	t		2026-01-06 14:18:03.308778+01	5	2	8
11	PRESENT	t		2026-01-06 14:18:03.308781+01	6	2	8
12	PRESENT	t		2026-01-06 14:18:03.308784+01	7	2	8
13	PRESENT	t		2026-01-06 14:19:08.31194+01	2	3	9
14	PRESENT	t		2026-01-06 14:19:08.311953+01	3	3	9
15	PRESENT	t		2026-01-06 14:19:08.311957+01	4	3	9
16	PRESENT	t		2026-01-06 14:19:08.31196+01	5	3	9
17	PRESENT	t		2026-01-06 14:19:08.311965+01	6	3	9
18	PRESENT	t		2026-01-06 14:19:08.311969+01	7	3	9
19	PRESENT	t		2026-01-06 14:19:56.687557+01	2	4	10
20	PRESENT	t		2026-01-06 14:19:56.687578+01	3	4	10
21	PRESENT	t		2026-01-06 14:19:56.687585+01	4	4	10
22	PRESENT	t		2026-01-06 14:19:56.687592+01	5	4	10
23	PRESENT	t		2026-01-06 14:19:56.687598+01	6	4	10
24	PRESENT	t		2026-01-06 14:19:56.687603+01	7	4	10
25	PRESENT	t		2026-01-06 14:22:13.891909+01	2	5	11
26	PRESENT	t		2026-01-06 14:22:13.89192+01	3	5	11
27	PRESENT	t		2026-01-06 14:22:13.891924+01	4	5	11
28	PRESENT	t		2026-01-06 14:22:13.891927+01	5	5	11
29	PRESENT	t		2026-01-06 14:22:13.891931+01	6	5	11
30	PRESENT	t		2026-01-06 14:22:13.891934+01	7	5	11
31	PRESENT	t		2026-01-06 14:24:06.527192+01	2	6	12
32	PRESENT	t		2026-01-06 14:24:06.527204+01	3	6	12
33	PRESENT	t		2026-01-06 14:24:06.52721+01	4	6	12
34	PRESENT	t		2026-01-06 14:24:06.527216+01	5	6	12
35	PRESENT	t		2026-01-06 14:24:06.527225+01	6	6	12
36	PRESENT	t		2026-01-06 14:24:06.52723+01	7	6	12
37	PRESENT	t		2026-01-06 14:26:22.198993+01	2	7	13
38	PRESENT	t		2026-01-06 14:26:22.199008+01	3	7	13
39	PRESENT	t		2026-01-06 14:26:22.199013+01	4	7	13
40	PRESENT	t		2026-01-06 14:26:22.199017+01	5	7	13
41	PRESENT	t		2026-01-06 14:26:22.199026+01	6	7	13
42	PRESENT	t		2026-01-06 14:26:22.199031+01	7	7	13
49	PRESENT	t		2026-01-08 10:15:36.357303+01	14	9	46
50	PRESENT	t		2026-01-08 10:15:36.357317+01	15	9	46
51	PRESENT	t		2026-01-08 10:15:36.357322+01	16	9	46
52	PRESENT	t		2026-01-08 10:15:36.357325+01	17	9	46
53	PRESENT	t		2026-01-08 10:15:36.357328+01	18	9	46
54	PRESENT	t		2026-01-08 10:15:36.357331+01	19	9	46
55	PRESENT	t		2026-01-08 10:15:36.357334+01	20	9	46
56	PRESENT	t		2026-01-08 10:15:36.357337+01	21	9	46
57	PRESENT	t		2026-01-08 10:15:36.35734+01	22	9	46
58	PRESENT	t		2026-01-08 10:15:36.357343+01	23	9	46
59	PRESENT	t		2026-01-08 10:15:36.357347+01	24	9	46
60	PRESENT	t		2026-01-08 10:20:35.130883+01	14	10	47
61	PRESENT	t		2026-01-08 10:20:35.130896+01	15	10	47
62	PRESENT	t		2026-01-08 10:20:35.130901+01	16	10	47
63	PRESENT	t		2026-01-08 10:20:35.130904+01	17	10	47
64	PRESENT	t		2026-01-08 10:20:35.130907+01	18	10	47
65	PRESENT	t		2026-01-08 10:20:35.13091+01	19	10	47
66	PRESENT	t		2026-01-08 10:20:35.130913+01	20	10	47
67	PRESENT	t		2026-01-08 10:20:35.130916+01	21	10	47
68	PRESENT	t		2026-01-08 10:20:35.130919+01	22	10	47
69	PRESENT	t		2026-01-08 10:20:35.130922+01	23	10	47
70	PRESENT	t		2026-01-08 10:20:35.130925+01	24	10	47
71	PRESENT	t		2026-01-08 11:18:47.268777+01	14	11	48
72	PRESENT	t		2026-01-08 11:18:47.268792+01	15	11	48
73	PRESENT	t		2026-01-08 11:18:47.268798+01	16	11	48
74	PRESENT	t		2026-01-08 11:18:47.268804+01	17	11	48
75	PRESENT	t		2026-01-08 11:18:47.268809+01	18	11	48
76	PRESENT	t		2026-01-08 11:18:47.268814+01	19	11	48
77	PRESENT	t		2026-01-08 11:18:47.268819+01	20	11	48
78	PRESENT	t		2026-01-08 11:18:47.268825+01	21	11	48
79	PRESENT	t		2026-01-08 11:18:47.26883+01	22	11	48
80	PRESENT	t		2026-01-08 11:18:47.268835+01	23	11	48
81	PRESENT	t		2026-01-08 11:18:47.26884+01	24	11	48
82	PRESENT	t		2026-01-08 11:20:23.377411+01	14	12	49
83	PRESENT	t		2026-01-08 11:20:23.377422+01	15	12	49
84	PRESENT	t		2026-01-08 11:20:23.377426+01	16	12	49
85	PRESENT	t		2026-01-08 11:20:23.37743+01	17	12	49
86	PRESENT	t		2026-01-08 11:20:23.377432+01	18	12	49
87	PRESENT	t		2026-01-08 11:20:23.377435+01	19	12	49
88	PRESENT	t		2026-01-08 11:20:23.377438+01	20	12	49
89	PRESENT	t		2026-01-08 11:20:23.377441+01	21	12	49
90	PRESENT	t		2026-01-08 11:20:23.377444+01	22	12	49
91	PRESENT	t		2026-01-08 11:20:23.377447+01	23	12	49
92	PRESENT	t		2026-01-08 11:20:23.37745+01	24	12	49
93	PRESENT	t		2026-01-08 11:59:13.926176+01	14	13	50
94	PRESENT	t		2026-01-08 11:59:13.92619+01	15	13	50
95	PRESENT	t		2026-01-08 11:59:13.926196+01	16	13	50
96	PRESENT	t		2026-01-08 11:59:13.926201+01	17	13	50
97	PRESENT	t		2026-01-08 11:59:13.926206+01	18	13	50
98	PRESENT	t		2026-01-08 11:59:13.926211+01	19	13	50
99	PRESENT	t		2026-01-08 11:59:13.926216+01	20	13	50
100	PRESENT	t		2026-01-08 11:59:13.926221+01	21	13	50
101	PRESENT	t		2026-01-08 11:59:13.926226+01	22	13	50
102	PRESENT	t		2026-01-08 11:59:13.926232+01	23	13	50
103	PRESENT	t		2026-01-08 11:59:13.926236+01	24	13	50
104	PRESENT	t		2026-01-08 14:33:58.383872+01	25	14	35
105	PRESENT	t		2026-01-08 14:33:58.383882+01	26	14	35
106	PRESENT	t		2026-01-08 14:33:58.383886+01	27	14	35
107	PRESENT	t		2026-01-08 14:33:58.383889+01	28	14	35
108	PRESENT	t		2026-01-08 14:33:58.383892+01	29	14	35
109	PRESENT	t		2026-01-08 14:33:58.383896+01	30	14	35
110	PRESENT	t		2026-01-08 14:33:58.383898+01	31	14	35
111	PRESENT	t		2026-01-08 14:33:58.383901+01	32	14	35
112	PRESENT	t		2026-01-08 14:33:58.383904+01	33	14	35
113	PRESENT	t		2026-01-08 14:33:58.383907+01	34	14	35
114	PRESENT	t		2026-01-08 14:33:58.38391+01	35	14	35
115	PRESENT	t		2026-01-08 14:33:58.383912+01	36	14	35
116	PRESENT	t		2026-01-08 14:37:39.254116+01	25	15	36
117	PRESENT	t		2026-01-08 14:37:39.254128+01	26	15	36
118	PRESENT	t		2026-01-08 14:37:39.254134+01	27	15	36
119	PRESENT	t		2026-01-08 14:37:39.254139+01	28	15	36
120	PRESENT	t		2026-01-08 14:37:39.254144+01	29	15	36
121	PRESENT	t		2026-01-08 14:37:39.254149+01	30	15	36
122	PRESENT	t		2026-01-08 14:37:39.254154+01	31	15	36
123	PRESENT	t		2026-01-08 14:37:39.254159+01	32	15	36
124	PRESENT	t		2026-01-08 14:37:39.254164+01	33	15	36
125	PRESENT	t		2026-01-08 14:37:39.254169+01	34	15	36
126	PRESENT	t		2026-01-08 14:37:39.254174+01	35	15	36
127	PRESENT	t		2026-01-08 14:37:39.254179+01	36	15	36
128	PRESENT	t		2026-01-08 14:40:24.726728+01	25	18	80
129	PRESENT	t		2026-01-08 14:40:24.726741+01	26	18	80
130	PRESENT	t		2026-01-08 14:40:24.726746+01	27	18	80
131	PRESENT	t		2026-01-08 14:40:24.726751+01	28	18	80
132	PRESENT	t		2026-01-08 14:40:24.726756+01	29	18	80
133	PRESENT	t		2026-01-08 14:40:24.726761+01	30	18	80
134	PRESENT	t		2026-01-08 14:40:24.726765+01	31	18	80
135	PRESENT	t		2026-01-08 14:40:24.726771+01	32	18	80
136	PRESENT	t		2026-01-08 14:40:24.726776+01	33	18	80
137	PRESENT	t		2026-01-08 14:40:24.726781+01	34	18	80
138	PRESENT	t		2026-01-08 14:40:24.726786+01	35	18	80
139	PRESENT	t		2026-01-08 14:40:24.72679+01	36	18	80
140	PRESENT	t		2026-01-08 15:42:44.271322+01	25	19	81
141	PRESENT	t		2026-01-08 15:42:44.271335+01	26	19	81
142	PRESENT	t		2026-01-08 15:42:44.271339+01	27	19	81
143	PRESENT	t		2026-01-08 15:42:44.271342+01	28	19	81
144	PRESENT	t		2026-01-08 15:42:44.271345+01	29	19	81
145	PRESENT	t		2026-01-08 15:42:44.271348+01	30	19	81
146	PRESENT	t		2026-01-08 15:42:44.271351+01	31	19	81
147	PRESENT	t		2026-01-08 15:42:44.271354+01	32	19	81
148	PRESENT	t		2026-01-08 15:42:44.271357+01	33	19	81
149	PRESENT	t		2026-01-08 15:42:44.271361+01	34	19	81
150	PRESENT	t		2026-01-08 15:42:44.271364+01	35	19	81
151	PRESENT	t		2026-01-08 15:42:44.271367+01	36	19	81
152	PRESENT	t		2026-01-08 15:44:33.698304+01	25	20	82
153	PRESENT	t		2026-01-08 15:44:33.698315+01	26	20	82
154	PRESENT	t		2026-01-08 15:44:33.698319+01	27	20	82
155	PRESENT	t		2026-01-08 15:44:33.698322+01	28	20	82
156	PRESENT	t		2026-01-08 15:44:33.698325+01	29	20	82
157	PRESENT	t		2026-01-08 15:44:33.698328+01	30	20	82
158	PRESENT	t		2026-01-08 15:44:33.69833+01	31	20	82
159	PRESENT	t		2026-01-08 15:44:33.698353+01	32	20	82
160	PRESENT	t		2026-01-08 15:44:33.698357+01	33	20	82
161	PRESENT	t		2026-01-08 15:44:33.69836+01	34	20	82
162	PRESENT	t		2026-01-08 15:44:33.698363+01	35	20	82
163	PRESENT	t		2026-01-08 15:44:33.698365+01	36	20	82
164	PRESENT	t		2026-01-08 15:45:17.650253+01	25	21	31
165	PRESENT	t		2026-01-08 15:45:17.650264+01	26	21	31
166	PRESENT	t		2026-01-08 15:45:17.650268+01	27	21	31
167	PRESENT	t		2026-01-08 15:45:17.650271+01	28	21	31
168	PRESENT	t		2026-01-08 15:45:17.650274+01	29	21	31
169	PRESENT	t		2026-01-08 15:45:17.650277+01	30	21	31
170	PRESENT	t		2026-01-08 15:45:17.65028+01	31	21	31
171	PRESENT	t		2026-01-08 15:45:17.650283+01	32	21	31
172	PRESENT	t		2026-01-08 15:45:17.650286+01	33	21	31
173	PRESENT	t		2026-01-08 15:45:17.650289+01	34	21	31
174	PRESENT	t		2026-01-08 15:45:17.650292+01	35	21	31
175	PRESENT	t		2026-01-08 15:45:17.650295+01	36	21	31
176	PRESENT	t		2026-01-08 16:05:16.057537+01	25	22	34
177	PRESENT	t		2026-01-08 16:05:16.057549+01	26	22	34
178	PRESENT	t		2026-01-08 16:05:16.057554+01	27	22	34
179	PRESENT	t		2026-01-08 16:05:16.057558+01	28	22	34
180	PRESENT	t		2026-01-08 16:05:16.057561+01	29	22	34
181	PRESENT	t		2026-01-08 16:05:16.057565+01	30	22	34
182	PRESENT	t		2026-01-08 16:05:16.057569+01	31	22	34
183	PRESENT	t		2026-01-08 16:05:16.057572+01	32	22	34
184	PRESENT	t		2026-01-08 16:05:16.057575+01	33	22	34
185	PRESENT	t		2026-01-08 16:05:16.057579+01	34	22	34
186	PRESENT	t		2026-01-08 16:05:16.057582+01	35	22	34
187	PRESENT	t		2026-01-08 16:05:16.057585+01	36	22	34
188	PRESENT	t		2026-01-13 13:23:42.308023+01	37	26	76
189	PRESENT	t		2026-01-13 13:23:54.763347+01	38	26	76
190	PRESENT	t		2026-01-13 13:24:01.717361+01	39	26	76
191	PRESENT	t		2026-01-13 13:24:15.384971+01	40	26	76
192	PRESENT	t		2026-01-13 13:24:24.778924+01	41	26	76
193	PRESENT	t		2026-01-13 13:24:29.775586+01	42	26	76
194	PRESENT	t		2026-01-13 13:24:35.905975+01	43	26	76
195	PRESENT	t		2026-01-13 13:24:40.990668+01	44	26	76
196	PRESENT	t		2026-01-13 13:24:46.154705+01	45	26	76
197	PRESENT	t		2026-01-13 13:24:51.22704+01	46	26	76
198	PRESENT	t		2026-01-13 13:34:07.536171+01	47	27	54
199	PRESENT	t		2026-01-13 13:34:07.551878+01	47	28	52
200	ABSENT	t		2026-01-13 13:34:07.554427+01	47	29	53
201	ABSENT	t		2026-01-13 13:34:07.56062+01	47	30	51
202	PRESENT	t		2026-01-13 13:34:43.513252+01	48	27	54
203	PRESENT	t		2026-01-13 13:34:43.516808+01	48	28	52
204	PRESENT	t		2026-01-13 13:34:43.520202+01	48	29	53
205	ABSENT	t		2026-01-13 13:34:43.52306+01	48	30	51
206	PRESENT	t		2026-01-13 13:34:54.567423+01	49	27	54
207	ABSENT	t		2026-01-13 13:34:54.578501+01	49	28	52
208	PRESENT	t		2026-01-13 13:34:54.581878+01	49	29	53
209	PRESENT	t		2026-01-13 13:34:54.584427+01	49	30	51
210	PRESENT	t		2026-01-13 13:35:05.187845+01	50	27	54
211	PRESENT	t		2026-01-13 13:35:05.192193+01	50	28	52
212	PRESENT	t		2026-01-13 13:35:05.196301+01	50	29	53
213	PRESENT	t		2026-01-13 13:35:05.199747+01	50	30	51
214	PRESENT	t		2026-01-13 13:35:14.489626+01	51	27	54
215	PRESENT	t		2026-01-13 13:35:14.495575+01	51	28	52
216	PRESENT	t		2026-01-13 13:35:14.499028+01	51	29	53
217	PRESENT	t		2026-01-13 13:35:14.503462+01	51	30	51
218	PRESENT	t		2026-01-13 13:35:18.381779+01	52	27	54
219	PRESENT	t		2026-01-13 13:35:18.385994+01	52	28	52
220	PRESENT	t		2026-01-13 13:35:18.389206+01	52	29	53
221	PRESENT	t		2026-01-13 13:35:18.394198+01	52	30	51
222	ABSENT	t		2026-01-13 13:35:24.955596+01	53	27	54
223	PRESENT	t		2026-01-13 13:35:24.95976+01	53	28	52
224	PRESENT	t		2026-01-13 13:35:24.962966+01	53	29	53
225	PRESENT	t		2026-01-13 13:35:24.96738+01	53	30	51
226	PRESENT	t		2026-01-13 13:35:35.817127+01	54	27	54
227	ABSENT	t		2026-01-13 13:35:35.822351+01	54	28	52
228	PRESENT	t		2026-01-13 13:35:35.825637+01	54	29	53
229	ABSENT	t		2026-01-13 13:35:35.828904+01	54	30	51
230	PRESENT	t		2026-01-13 13:35:47.007298+01	55	27	54
231	PRESENT	t		2026-01-13 13:35:47.012476+01	55	28	52
232	PRESENT	t		2026-01-13 13:35:47.015647+01	55	29	53
233	ABSENT	t		2026-01-13 13:35:47.018854+01	55	30	51
234	PRESENT	t		2026-01-13 13:35:54.079967+01	56	27	54
235	ABSENT	t		2026-01-13 13:35:54.114183+01	56	28	52
236	PRESENT	t		2026-01-13 13:35:54.120921+01	56	29	53
237	ABSENT	t		2026-01-13 13:35:54.126682+01	56	30	51
238	PRESENT	t		2026-01-13 13:36:06.721464+01	58	27	54
239	PRESENT	t		2026-01-13 13:36:06.726829+01	58	28	52
240	PRESENT	t		2026-01-13 13:36:06.73107+01	58	29	53
241	ABSENT	t		2026-01-13 13:36:06.734918+01	58	30	51
242	ABSENT	t		2026-01-13 13:36:17.569654+01	59	27	54
243	PRESENT	t		2026-01-13 13:36:17.573945+01	59	28	52
244	ABSENT	t		2026-01-13 13:36:17.577109+01	59	29	53
245	ABSENT	t		2026-01-13 13:36:17.580297+01	59	30	51
246	PRESENT	t		2026-01-15 10:13:39.79658+01	61	31	30
247	PRESENT	t		2026-01-15 10:13:39.796592+01	62	31	30
248	PRESENT	t		2026-01-15 10:13:39.796596+01	63	31	30
249	PRESENT	t		2026-01-15 10:13:39.796599+01	64	31	30
250	PRESENT	t		2026-01-15 10:13:39.796602+01	65	31	30
251	PRESENT	t		2026-01-15 10:13:39.796605+01	66	31	30
252	PRESENT	t		2026-01-15 10:13:39.796607+01	67	31	30
253	PRESENT	t		2026-01-15 10:13:39.79661+01	68	31	30
254	PRESENT	t		2026-01-15 10:13:39.796613+01	69	31	30
255	PRESENT	t		2026-01-15 10:13:39.796616+01	70	31	30
256	PRESENT	t		2026-01-15 10:13:39.796618+01	71	31	30
257	PRESENT	t		2026-01-15 10:14:36.334956+01	61	32	33
258	PRESENT	t		2026-01-15 10:14:36.334968+01	62	32	33
259	PRESENT	t		2026-01-15 10:14:36.334972+01	63	32	33
260	PRESENT	t		2026-01-15 10:14:36.334975+01	64	32	33
261	PRESENT	t		2026-01-15 10:14:36.334978+01	65	32	33
262	PRESENT	t		2026-01-15 10:14:36.334982+01	66	32	33
263	PRESENT	t		2026-01-15 10:14:36.334985+01	67	32	33
264	PRESENT	t		2026-01-15 10:14:36.334988+01	68	32	33
265	PRESENT	t		2026-01-15 10:14:36.334991+01	69	32	33
266	PRESENT	t		2026-01-15 10:14:36.334994+01	70	32	33
267	PRESENT	t		2026-01-15 10:14:36.334998+01	71	32	33
268	PRESENT	t		2026-01-15 10:20:36.627303+01	61	33	26
269	PRESENT	t		2026-01-15 10:20:36.627314+01	62	33	26
270	PRESENT	t		2026-01-15 10:20:36.627318+01	63	33	26
271	PRESENT	t		2026-01-15 10:20:36.627321+01	64	33	26
272	PRESENT	t		2026-01-15 10:20:36.627323+01	65	33	26
273	PRESENT	t		2026-01-15 10:20:36.627326+01	66	33	26
274	PRESENT	t		2026-01-15 10:20:36.627329+01	67	33	26
275	PRESENT	t		2026-01-15 10:20:36.627332+01	68	33	26
276	PRESENT	t		2026-01-15 10:20:36.627334+01	69	33	26
277	PRESENT	t		2026-01-15 10:20:36.627337+01	70	33	26
278	PRESENT	t		2026-01-15 10:20:36.62734+01	71	33	26
279	PRESENT	t		2026-01-15 10:23:01.81593+01	61	34	25
280	PRESENT	t		2026-01-15 10:23:01.815941+01	62	34	25
281	PRESENT	t		2026-01-15 10:23:01.815945+01	63	34	25
282	PRESENT	t		2026-01-15 10:23:01.815948+01	64	34	25
283	PRESENT	t		2026-01-15 10:23:01.815951+01	65	34	25
284	PRESENT	t		2026-01-15 10:23:01.815954+01	66	34	25
285	PRESENT	t		2026-01-15 10:23:01.815957+01	67	34	25
286	PRESENT	t		2026-01-15 10:23:01.81596+01	68	34	25
287	PRESENT	t		2026-01-15 10:23:01.815962+01	69	34	25
288	PRESENT	t		2026-01-15 10:23:01.815965+01	70	34	25
289	PRESENT	t		2026-01-15 10:23:01.815968+01	71	34	25
305	PRESENT	t		2026-01-15 10:31:42.646913+01	61	38	90
306	PRESENT	t		2026-01-15 10:31:42.646927+01	62	38	90
307	PRESENT	t		2026-01-15 10:31:42.646931+01	63	38	90
308	PRESENT	t		2026-01-15 10:31:42.646934+01	64	38	90
309	PRESENT	t		2026-01-15 10:31:42.646937+01	65	38	90
310	PRESENT	t		2026-01-15 10:31:42.64694+01	66	38	90
311	PRESENT	t		2026-01-15 10:31:42.646943+01	67	38	90
312	PRESENT	t		2026-01-15 10:31:42.646946+01	68	38	90
313	PRESENT	t		2026-01-15 10:31:42.646949+01	69	38	90
314	PRESENT	t		2026-01-15 10:31:42.646952+01	70	38	90
315	PRESENT	t		2026-01-15 10:31:42.646954+01	71	38	90
327	PRESENT	t		2026-01-15 10:43:13.636843+01	61	40	92
328	PRESENT	t		2026-01-15 10:43:13.636854+01	62	40	92
329	PRESENT	t		2026-01-15 10:43:13.636858+01	63	40	92
330	PRESENT	t		2026-01-15 10:43:13.63686+01	64	40	92
331	PRESENT	t		2026-01-15 10:43:13.636863+01	65	40	92
332	PRESENT	t		2026-01-15 10:43:13.636866+01	66	40	92
333	PRESENT	t		2026-01-15 10:43:13.636868+01	67	40	92
334	PRESENT	t		2026-01-15 10:43:13.636871+01	68	40	92
335	PRESENT	t		2026-01-15 10:43:13.636874+01	69	40	92
336	PRESENT	t		2026-01-15 10:43:13.636877+01	70	40	92
337	PRESENT	t		2026-01-15 10:43:13.636879+01	71	40	92
338	PRESENT	t		2026-01-15 10:46:11.144982+01	61	41	24
339	PRESENT	t		2026-01-15 10:46:11.144993+01	62	41	24
340	PRESENT	t		2026-01-15 10:46:11.144998+01	63	41	24
341	PRESENT	t		2026-01-15 10:46:11.145011+01	64	41	24
342	PRESENT	t		2026-01-15 10:46:11.145016+01	65	41	24
343	PRESENT	t		2026-01-15 10:46:11.14502+01	66	41	24
344	PRESENT	t		2026-01-15 10:46:11.145024+01	67	41	24
345	PRESENT	t		2026-01-15 10:46:11.145028+01	68	41	24
346	PRESENT	t		2026-01-15 10:46:11.145032+01	69	41	24
347	PRESENT	t		2026-01-15 10:46:11.145036+01	70	41	24
348	PRESENT	t		2026-01-15 10:46:11.14504+01	71	41	24
349	PRESENT	t		2026-01-15 10:48:39.567431+01	61	42	28
350	PRESENT	t		2026-01-15 10:48:39.567444+01	62	42	28
351	PRESENT	t		2026-01-15 10:48:39.56745+01	63	42	28
352	PRESENT	t		2026-01-15 10:48:39.567454+01	64	42	28
353	PRESENT	t		2026-01-15 10:48:39.567457+01	65	42	28
354	PRESENT	t		2026-01-15 10:48:39.56746+01	66	42	28
355	PRESENT	t		2026-01-15 10:48:39.567464+01	67	42	28
356	PRESENT	t		2026-01-15 10:48:39.567468+01	68	42	28
357	PRESENT	t		2026-01-15 10:48:39.567471+01	69	42	28
358	PRESENT	t		2026-01-15 10:48:39.567474+01	70	42	28
359	PRESENT	t		2026-01-15 10:48:39.567478+01	71	42	28
360	PRESENT	t		2026-01-15 10:49:07.437905+01	61	43	32
361	PRESENT	t		2026-01-15 10:49:07.437917+01	62	43	32
362	PRESENT	t		2026-01-15 10:49:07.437922+01	63	43	32
363	PRESENT	t		2026-01-15 10:49:07.437926+01	64	43	32
364	PRESENT	t		2026-01-15 10:49:07.437931+01	65	43	32
365	PRESENT	t		2026-01-15 10:49:07.437934+01	66	43	32
366	PRESENT	t		2026-01-15 10:49:07.437938+01	67	43	32
367	PRESENT	t		2026-01-15 10:49:07.437942+01	68	43	32
368	PRESENT	t		2026-01-15 10:49:07.437946+01	69	43	32
369	PRESENT	t		2026-01-15 10:49:07.43795+01	70	43	32
370	PRESENT	t		2026-01-15 10:49:07.437954+01	71	43	32
371	PRESENT	t		2026-01-15 10:52:13.678538+01	61	44	93
372	PRESENT	t		2026-01-15 10:52:13.67856+01	62	44	93
373	PRESENT	t		2026-01-15 10:52:13.678565+01	63	44	93
374	PRESENT	t		2026-01-15 10:52:13.678571+01	64	44	93
375	PRESENT	t		2026-01-15 10:52:13.678576+01	65	44	93
376	PRESENT	t		2026-01-15 10:52:13.678582+01	66	44	93
377	PRESENT	t		2026-01-15 10:52:13.678587+01	67	44	93
378	PRESENT	t		2026-01-15 10:52:13.678593+01	68	44	93
379	PRESENT	t		2026-01-15 10:52:13.678598+01	69	44	93
380	PRESENT	t		2026-01-15 10:52:13.678604+01	70	44	93
381	PRESENT	t		2026-01-15 10:52:13.678609+01	71	44	93
382	PRESENT	t		2026-01-15 10:53:43.077246+01	61	45	27
383	PRESENT	t		2026-01-15 10:53:43.077258+01	62	45	27
384	PRESENT	t		2026-01-15 10:53:43.077263+01	63	45	27
385	PRESENT	t		2026-01-15 10:53:43.077267+01	64	45	27
386	PRESENT	t		2026-01-15 10:53:43.077271+01	65	45	27
387	PRESENT	t		2026-01-15 10:53:43.077275+01	66	45	27
388	PRESENT	t		2026-01-15 10:53:43.077279+01	67	45	27
389	PRESENT	t		2026-01-15 10:53:43.077283+01	68	45	27
390	PRESENT	t		2026-01-15 10:53:43.077287+01	69	45	27
391	PRESENT	t		2026-01-15 10:53:43.077292+01	70	45	27
392	PRESENT	t		2026-01-15 10:53:43.077296+01	71	45	27
\.


--
-- Data for Name: students_enrollment; Type: TABLE DATA; Schema: public; Owner: yanis
--

COPY public.students_enrollment (id, payment_plan, hours_purchased, hours_consumed, is_active, date, cohort_id, tariff_id, student_id, discount_id, contract_code) FROM stdin;
1	FULL	0.0	0.0	t	2026-01-06	1	1	7	\N	20252026-JP-P-00001
34	MONTHLY	0.0	0.0	t	2026-01-15	2	7	25	\N	20252026-JP-P-00034
2	FULL	0.0	0.0	t	2026-01-06	1	1	8	\N	20252026-JP-P-00002
3	FULL	0.0	0.0	t	2026-01-06	1	1	9	\N	20252026-JP-P-00003
4	FULL	0.0	0.0	t	2026-01-06	1	1	10	\N	20252026-JP-P-00004
5	FULL	0.0	0.0	t	2026-01-06	1	1	11	\N	20252026-JP-P-00005
6	FULL	0.0	0.0	t	2026-01-06	1	1	12	\N	20252026-JP-P-00006
7	FULL	0.0	0.0	t	2026-01-06	1	1	13	\N	20252026-JP-P-00007
38	FULL	0.0	0.0	t	2026-01-15	2	7	90	\N	20252026-JP-P-00038
9	FULL	0.0	0.0	t	2026-01-08	3	2	46	\N	20252026-JP-O-00009
10	FULL	0.0	0.0	t	2026-01-08	3	2	47	\N	20252026-JP-O-00010
11	FULL	0.0	0.0	t	2026-01-08	3	2	48	\N	20252026-JP-O-00011
12	FULL	0.0	0.0	t	2026-01-08	3	2	49	\N	20252026-JP-O-00012
40	FULL	0.0	0.0	t	2026-01-15	2	8	92	\N	20252026-JP-P-00040
13	FULL	0.0	0.0	t	2026-01-08	3	2	50	\N	20252026-JP-O-00013
14	FULL	0.0	0.0	t	2026-01-08	5	3	35	\N	20252026-JP-P-00014
41	FULL	0.0	0.0	t	2026-01-15	2	7	24	\N	20252026-JP-P-00041
15	FULL	0.0	0.0	t	2026-01-08	5	3	36	\N	20252026-JP-P-00015
42	FULL	0.0	0.0	t	2026-01-15	2	7	28	\N	20252026-JP-P-00042
43	FULL	0.0	0.0	t	2026-01-15	2	7	32	\N	20252026-JP-P-00043
18	FULL	0.0	0.0	t	2026-01-08	5	3	80	\N	20252026-JP-P-00018
19	FULL	0.0	0.0	t	2026-01-08	5	3	81	\N	20252026-JP-P-00019
20	FULL	0.0	0.0	t	2026-01-08	5	3	82	\N	20252026-JP-P-00020
45	FULL	0.0	0.0	t	2026-01-15	2	7	27	\N	20252026-JP-P-00045
21	FULL	0.0	0.0	t	2026-01-08	5	3	31	\N	20252026-JP-P-00021
22	FULL	0.0	0.0	t	2026-01-08	5	3	34	\N	20252026-JP-P-00022
23	FULL	0.0	0.0	t	2026-01-10	2	1	29	\N	20252026-JP-P-00023
24	FULL	0.0	0.0	t	2026-01-10	2	1	31	\N	20252026-JP-P-00024
25	FULL	0.0	0.0	t	2026-01-10	4	4	59	\N	20252026-JP-O-00025
27	FULL	0.0	30.0	t	2026-01-13	9	6	54	\N	20252026-JP-O-00027
28	FULL	0.0	30.0	t	2026-01-13	9	6	52	\N	20252026-JP-O-00028
29	FULL	0.0	30.0	t	2026-01-13	9	6	53	\N	20252026-JP-O-00029
30	FULL	0.0	30.0	t	2026-01-13	9	6	51	\N	20252026-JP-O-00030
31	FULL	0.0	0.0	t	2026-01-15	2	7	30	\N	20252026-JP-P-00031
32	FULL	0.0	0.0	t	2026-01-15	2	7	33	\N	20252026-JP-P-00032
33	MONTHLY	0.0	0.0	t	2026-01-15	2	7	26	\N	20252026-JP-P-00033
26	FULL	0.0	10.0	t	2026-01-13	8	5	76	\N	20252026-JP-OI-00026
44	FULL	0.0	0.0	t	2026-01-15	2	2	93	\N	20252026-JP-P-00044
\.


--
-- Data for Name: students_student; Type: TABLE DATA; Schema: public; Owner: yanis
--

COPY public.students_student (id, first_name, last_name, email, phone, phone_2, birth_date, motivation, student_code, created_at, profile_picture, id_card_front, id_card_back, sex) FROM stdin;
4	Darine	Achouri	mouna_08_04@hotmail.com	+213561389988		2012-02-25		20252026000002	2025-12-25 11:56:58.109003+01		profiles/students/id_cards/IMG_20230430_114305.jpg	profiles/students/id_cards/IMG_20230430_114040_BURST10.jpg	
7	Maroua	Abdeddaim	maroua.abdeddaim@gmail.com	0561716286	0661240965	2000-08-06	But professionnel	20252026000003	2026-01-06 14:16:05.388091+01				F
8	Rania	Bouras	brsryma@gmail.com	0661541147	0657717206	2014-02-23	But personnel	20252026000004	2026-01-06 14:18:03.268231+01				F
9	Zina	Oumedjkane	oumedjkane04@gmail.com	0658290220		1997-04-19		20252026000005	2026-01-06 14:19:08.279828+01				H
10	Bouchra	Cherragui	cherraguib@gmail.com	0555971554		1997-03-14		20252026000006	2026-01-06 14:19:56.605058+01				H
11	Malak	Harzi		0778706742		2008-08-29		20252026000007	2026-01-06 14:22:13.848239+01				F
12	Othmane Pacha	Serdjebi	serdjebipacha@gmail.com	0793508421		1992-06-08		20252026000008	2026-01-06 14:24:06.498374+01				H
13	Youcef Adnane	Bouchaib	bouchaib1adnane@gmail.com	0775186915	0541331000	1992-11-24		20252026000009	2026-01-06 14:26:22.15383+01				H
14	Hamza	Allou	allouhamza92@gmail.com	0554741847		1992-03-01		20252026000010	2026-01-06 14:52:13.084806+01				H
15	Ayoub	Houria	ayoubsultan977@gmail.com	0770753775		2000-03-04		20252026000011	2026-01-06 14:53:01.002744+01				H
16	Nazim Sid Ali	Hached	hachednazimsidali@gmail.com	0550163891		1984-09-11		20252026000012	2026-01-06 14:57:26.354518+01				H
17	Madjda	Megari	madjda.megari.2901@gmail.com	0796373018		1997-01-29		20252026000013	2026-01-06 14:58:24.792949+01				H
18	Abdelmalik	Djerrar	malikdj4@gmail.com	0667817507		2008-07-22		20252026000014	2026-01-06 14:59:29.389812+01				H
19	Malia	Ait Messaoudene	mali.aitmes@gmail.com	0560127468	0550742553	2001-05-17		20252026000015	2026-01-06 15:01:15.718833+01				F
20	Lyna Farah	Kail	kail.lyna.farah@gmail.com	0561212952	0558307093	2001-09-05		20252026000016	2026-01-06 15:02:09.268846+01				F
21	Fatma Zohra	Attar	fatmazohraattar@gmail.com	0554972322	0541859124	2000-03-11		20252026000017	2026-01-06 15:03:00.944843+01				F
22	Anis	Cherargui	cherarguianis@gmail.com	0540319294	0558283029	1995-05-19		20252026000018	2026-01-06 15:03:41.361837+01				H
23	Rihem	Benmessaoud		0550511737	0550512426	2007-06-18		20252026000019	2026-01-06 15:05:19.983579+01				F
24	Nassem	Al Rawashbed	b_selma_manel@yahoo.fr	0661782082		\N		20252026000020	2026-01-06 15:07:09.170509+01				H
37	Hasni	Taibi	taibihasni27@gmail.com	0655112830		1998-05-09		20252026000033	2026-01-06 15:21:03.399259+01				H
38	Fatiha Anais	Tatah	anstth03@gmail.com	0556462389	0541182678	2003-05-12		20252026000034	2026-01-06 15:22:35.765322+01				F
39	Malak Yasmine	Mahtout	boufersaouiliza@gmail.com	0558931772	0553288298	2013-05-27		20252026000035	2026-01-06 15:23:38.897073+01				F
40	Bouzid	Islam	islambouzid@gmail.com	0773570814		2007-10-05		20252026000036	2026-01-06 15:24:18.282319+01				H
41	Ibtissem	Rabi	ibtissemrabi@gmail.com	0778369533	0555238845	2011-03-20		20252026000037	2026-01-06 15:25:05.941253+01				F
42	Ali	Mouder	alimouder@gmail.com	0794916681	0556279404	1997-02-21		20252026000038	2026-01-06 15:26:06.416085+01				H
43	Khalil	Latreche	latkhalil491@gmail.com	0540883986	0550399413	2001-04-09		20252026000039	2026-01-06 15:26:56.209102+01				H
44	Maya	Berroumana	berroumanamaya@gmail.com	0659197810	0560534571	2001-12-20		20252026000040	2026-01-06 15:28:15.977244+01				F
45	Zine Eddine	Bouzennoune	zinoulouzenoune@hotmail.com	0674791564		1992-09-22		20252026000041	2026-01-06 15:29:19.699757+01				H
47	Ines	Benali	benalii20112013@gmail.com	0672509321		\N		20252026000043	2026-01-06 15:33:12.346038+01				F
50	Hanane	Maloum	hana90.maloum@gmail.com	0540173219		1990-12-08		20252026000046	2026-01-06 15:34:57.782514+01				H
35	Mouni	Guedra	guedra.moony@gmail.com	0558460159		\N		20252026000031	2026-01-06 15:18:03.795525+01				F
55	Narimene	Laoufi	narimanealice.laoufi@gmail.com	0540576790		2004-10-15		20252026000051	2026-01-06 15:43:33.461463+01				F
56	Amine	Benarab	strayludwig@gmail.com	0552809859		1995-04-19		20252026000052	2026-01-06 15:44:15.249647+01				H
57	Rime	Benabdelkader	rime.benabdelkader@gmail.com	0790219913		1999-11-01		20252026000053	2026-01-06 15:45:13.545438+01				F
58	Mahmoud	Saouli	saoulimahmoud9@gmail.com	0794904064		1999-11-10		20252026000054	2026-01-06 15:46:07.668344+01				H
60	Hamza	Dahmani	hamza.dahmani231@gmail.com	+905385438165		2001-01-15		20252026000056	2026-01-06 15:48:01.672564+01				H
61	Mouna	Mekhelfi	mekhelfimouna@gmail.com	0552124573	0771231413	1993-07-15		20252026000057	2026-01-06 15:50:17.014428+01				F
62	Melissa	Alaouchiche	loloyak@yahoo.fr	0798504132		2010-10-14		20252026000058	2026-01-06 15:51:52.250322+01				F
63	Fatima Zahra	Bouhafs	f.zohrabhf@gmail.com	0540002077		1996-08-08		20252026000059	2026-01-06 15:52:50.173142+01				F
64	Ania	Belhadhi		00000000		\N		20252026000060	2026-01-06 15:53:41.577548+01				F
65	Hanane	Abdous	abdshanane@gmail.com	0656396639		1999-10-14		20252026000061	2026-01-06 15:54:36.575074+01				F
66	Raid Mohamed	Attar		0770953256		\N		20252026000062	2026-01-06 15:55:12.423115+01				H
67	Sanae	Zerargui		0556733738		1984-10-23		20252026000063	2026-01-06 15:55:56.487496+01				F
48	Sami	Benali	sihemlahlouh@gmail.com	0553233547		\N		20252026000044	2026-01-06 15:33:44.847353+01				H
49	Nazim	Ferdjallah	nazim.frdjllh@gmail.com	0758137476		1998-03-10		20252026000045	2026-01-06 15:34:22.722277+01				H
36	Amine	Riache	aminemca123456789@gmail.com	0552250747		\N		20252026000032	2026-01-06 15:18:36.536767+01				H
59	Samia	Bouchareb	kenzabch79@gmail.com	0794332726		1979-06-07		20252026000055	2026-01-06 15:47:03.335321+01				F
34	Reyes Michel	Arritola	consejeracooperacion@dz.embacuba.com	0699728411		\N		20252026000030	2026-01-06 15:14:36.613217+01				H
29	Imene	Hassouna		0796066265		\N		20252026000025	2026-01-06 15:10:25.58151+01				F
31	Djilali	Mekhelfi		0771231413		\N		20252026000027	2026-01-06 15:12:06.480411+01				H
54	Reda	Djebili	redadjebili@gmail.com	+1 (347) 447-4171		1987-06-04		20252026000050	2026-01-06 15:41:44.784253+01				H
52	Kawthar	Tabani	takawtar36@gmail.com	0698041827		2004-04-12		20252026000048	2026-01-06 15:39:33.793908+01				F
53	Ahlem	Messaoudi	halimyume@gmail.com	0540427420		2005-11-09		20252026000049	2026-01-06 15:40:34.055573+01				F
30	Abdelaziz	Kouba	ozizkouba16@gmail.com	0561676154		\N		20252026000026	2026-01-06 15:11:43.048581+01				H
33	Lila	Righetti	machipaladright@gmail.com	0551203747		\N		20252026000029	2026-01-06 15:13:14.545337+01				F
26	Kawther Houda	Brahimi	farahdarsouni@gmail.com	0553589815		2009-10-14		20252026000022	2026-01-06 15:08:17.706169+01				F
25	Sarah Randa	Brahimi		0557508329		\N		20252026000021	2026-01-06 15:07:44.281946+01				F
28	Neila	Hamami		0552141647		\N		20252026000024	2026-01-06 15:09:55.902128+01				F
32	Hibatou-Allah Ibtissame	Moh		0559514413		\N		20252026000028	2026-01-06 15:12:41.346509+01				
27	Sarah	Djordem	mass.adl03@gmail.com	0770350714		\N		20252026000023	2026-01-06 15:09:00.61731+01				F
69	Rimas	Bouzid		0553771860		\N		20252026000065	2026-01-06 15:57:10.609559+01				F
70	Raid	Kouachi		0562097675		1996-09-07		20252026000066	2026-01-06 15:58:33.155067+01				H
71	Radja Amina	Lameche		0770434814	0770310788	1973-04-12		20252026000067	2026-01-06 15:59:33.279113+01				F
72	Melissa Aya	Chalal	chalalmelissaaya@gmail.com	0782451938	0770434814	2005-02-23		20252026000068	2026-01-06 16:00:38.61344+01				F
73	Mohamed Rayan	Chalal		0770448252	0770434814	2003-08-23		20252026000069	2026-01-06 16:01:14.745254+01				H
74	Elias	Yasser	yasserelias2007@gmail.com	0776577043		2007-01-07		20252026000070	2026-01-06 16:02:29.073585+01				H
75	Mohand Said	Hadjali	mohandsaid789@gmail.com	0784153979		1994-08-15		20252026000071	2026-01-06 16:03:19.838526+01				H
77	Mama	Ikrelef	sara171b@gmail.com	0555047700		1979-10-01		20252026000073	2026-01-06 16:08:14.395281+01				F
46	Rima Naima	Benghalem	ben_rima@yahoo.fr	0797184242		1983-05-19		20252026000042	2026-01-06 15:32:22.498803+01				F
79	Lilia	Boutemeur	xjapaneselearner@gmail.com	0559 51 70 16		\N		20252026000074	2026-01-08 12:14:28.341763+01				H
80	Meriem	Belhadi	meriem.belhadi07@gmail.com	0673247479		\N		20252026000075	2026-01-08 14:40:24.671352+01				F
81	Riham	Yahia Aissa		0794 21 08 17		\N		20252026000076	2026-01-08 15:42:44.122837+01				F
82	Mohamed Amine	Belaidi	m.amine.be009@gmail.com	0661569846	0552940913	2009-03-31		20252026000077	2026-01-08 15:44:33.615902+01	profiles/students/imidentité.png	profiles/students/id_cards/CNIB-21-12-16.jpg	profiles/students/id_cards/Verification-validite-carte-didentite-algerienne-CNIBE-verso_K6zOyyo.webp	H
76	Rahma	Benmammar	benm.rahma@gmail.com	0783 33 13 65		\N		20252026000072	2026-01-06 16:05:42.502248+01				F
51	Aimen Nedjm Eddine	Belloul	belloulaimen@gmail.com	0542791167		1995-12-14		20252026000047	2026-01-06 15:38:37.462691+01				H
90	Imene Insaf	Brahimi	farahdarsouni@gmail.com	0553589815		\N		20252026000078	2026-01-15 10:31:42.578176+01				F
68	Meriem Alaa	Brahimi	farahdarsouni@gmail.com	0557508339		\N		20252026000064	2026-01-06 15:56:36.179915+01				F
91	Farah	Darsouni	farahdarsouni@gmail.com	0553589815		\N		20252026000079	2026-01-15 10:36:38.559565+01				F
92	Kamil	Damerdjioui	chahiralaggoun@gmail.com	0551957920		\N		20252026000080	2026-01-15 10:43:13.561728+01				H
93	Rassim	Djordem	mass.adl03@gmail.com	0770350714		\N		20252026000081	2026-01-15 10:52:13.630941+01				H
\.


--
-- Data for Name: students_studentannualfee; Type: TABLE DATA; Schema: public; Owner: yanis
--

COPY public.students_studentannualfee (id, amount, is_paid, paid_at, note, academic_year_id, student_id) FROM stdin;
2	1000	t	2026-01-06 14:43:49.325642+01		1	8
1	1000	t	2026-01-06 14:44:48.868845+01		1	7
5	1000	t	2026-01-06 14:45:35.94195+01		1	11
7	1000	t	2026-01-06 14:46:04.850474+01		1	13
4	1000	t	2026-01-06 14:46:43.144873+01		1	10
3	1000	t	2026-01-06 14:47:04.661813+01		1	9
6	1000	t	2026-01-06 14:47:43.184261+01		1	12
9	1000	t	2026-01-08 10:15:42.482106+01		1	46
10	1000	f	\N		1	56
11	1000	t	2026-01-08 10:20:27.232184+01		1	47
12	1000	t	2026-01-08 11:18:39.437339+01		1	48
13	1000	t	2026-01-08 11:21:01.320208+01		1	49
14	1000	t	2026-01-08 11:58:53.795166+01		1	50
15	1000	t	2026-01-08 14:25:22.81139+01		1	34
16	1000	t	2026-01-08 14:36:07.85647+01		1	35
18	1000	t	2026-01-08 14:42:10.843572+01		1	80
17	1000	t	2026-01-08 14:45:26.938123+01		1	36
20	1000	t	2026-01-08 15:44:38.658761+01		1	82
19	1000	t	2026-01-08 15:44:44.018178+01		1	81
21	1000	t	2026-01-08 15:45:20.113433+01		1	31
22	1000	t	2026-01-10 09:23:04.49016+01		1	29
23	1000	t	2026-01-10 13:53:35.649078+01		1	59
24	1000	t	2026-01-13 13:23:10.818297+01		1	76
25	1000	t	2026-01-13 13:29:18.439509+01		1	54
26	1000	t	2026-01-13 13:29:36.051611+01		1	52
27	1000	t	2026-01-13 13:29:57.294395+01		1	53
28	1000	t	2026-01-13 13:33:19.865936+01		1	51
29	1000	t	2026-01-15 10:13:15.065209+01		1	30
30	1000	t	2026-01-15 10:14:27.988632+01		1	33
31	1000	t	2026-01-15 10:20:51.357703+01		1	26
32	1000	t	2026-01-15 10:22:54.867232+01		1	25
36	1000	t	2026-01-15 10:31:51.011181+01		1	90
37	1000	t	2026-01-15 10:32:11.193652+01		1	68
38	1000	t	2026-01-15 10:36:43.607916+01		1	91
39	1000	f	\N		1	92
40	1000	t	2026-01-15 10:45:47.614417+01		1	24
41	1000	f	\N		1	28
42	1000	f	\N		1	32
43	1000	f	\N		1	93
44	1000	f	\N		1	27
\.


--
-- Data for Name: tasks_category; Type: TABLE DATA; Schema: public; Owner: yanis
--

COPY public.tasks_category (id, name, color, description, created_at) FROM stdin;
1	Urgent	#EF4444	Tâches urgentes nécessitant une attention immédiate	2026-01-10 14:48:23.133235+01
2	Suivi Étudiant	#3B82F6	Tâches liées au suivi des étudiants	2026-01-10 14:48:23.150323+01
3	Prospect	#10B981	Tâches de suivi des prospects et inscriptions	2026-01-10 14:48:23.152547+01
4	Finance	#F59E0B	Tâches liées aux paiements et finances	2026-01-10 14:48:23.156523+01
5	Administratif	#6366F1	Tâches administratives générales	2026-01-10 14:48:23.160507+01
6	Inventaire	#8B5CF6	Tâches liées à la gestion de l'inventaire	2026-01-10 14:48:23.163788+01
7	Communication	#EC4899	Tâches de communication interne et externe	2026-01-10 14:48:23.166607+01
8	Réunion	#14B8A6	Préparation et suivi de réunions	2026-01-10 14:48:23.168839+01
\.


--
-- Data for Name: tasks_task; Type: TABLE DATA; Schema: public; Owner: yanis
--

COPY public.tasks_task (id, title, description, priority, created_at, deadline, completed_at, is_completed, external_person_name, external_person_phone, notes, created_by_id, prospect_id, student_id, category_id, scheduled_date, assigned_to_id) FROM stdin;
3	Rappeler la personne		MEDIUM	2026-01-10 14:58:58.595352+01	0026-12-10	\N	f	\N	\N		1	131	\N	3	\N	\N
4	Paiement de Michel	Elle va passer Samedi 17-01 pour payer	LOW	2026-01-10 15:41:22.770184+01	\N	2026-01-10 15:42:31.098857+01	t	\N	\N		1	\N	34	2	2026-01-10	\N
\.


--
-- Name: academics_cohort_id_seq; Type: SEQUENCE SET; Schema: public; Owner: yanis
--

SELECT pg_catalog.setval('public.academics_cohort_id_seq', 9, true);


--
-- Name: academics_cohort_substitute_teachers_id_seq; Type: SEQUENCE SET; Schema: public; Owner: yanis
--

SELECT pg_catalog.setval('public.academics_cohort_substitute_teachers_id_seq', 1, false);


--
-- Name: academics_coursesession_id_seq; Type: SEQUENCE SET; Schema: public; Owner: yanis
--

SELECT pg_catalog.setval('public.academics_coursesession_id_seq', 71, true);


--
-- Name: academics_level_id_seq; Type: SEQUENCE SET; Schema: public; Owner: yanis
--

SELECT pg_catalog.setval('public.academics_level_id_seq', 10, true);


--
-- Name: academics_subject_id_seq; Type: SEQUENCE SET; Schema: public; Owner: yanis
--

SELECT pg_catalog.setval('public.academics_subject_id_seq', 3, true);


--
-- Name: academics_weeklyschedule_id_seq; Type: SEQUENCE SET; Schema: public; Owner: yanis
--

SELECT pg_catalog.setval('public.academics_weeklyschedule_id_seq', 8, true);


--
-- Name: auth_group_id_seq; Type: SEQUENCE SET; Schema: public; Owner: yanis
--

SELECT pg_catalog.setval('public.auth_group_id_seq', 1, false);


--
-- Name: auth_group_permissions_id_seq; Type: SEQUENCE SET; Schema: public; Owner: yanis
--

SELECT pg_catalog.setval('public.auth_group_permissions_id_seq', 1, false);


--
-- Name: auth_permission_id_seq; Type: SEQUENCE SET; Schema: public; Owner: yanis
--

SELECT pg_catalog.setval('public.auth_permission_id_seq', 144, true);


--
-- Name: cash_cashcategory_id_seq; Type: SEQUENCE SET; Schema: public; Owner: yanis
--

SELECT pg_catalog.setval('public.cash_cashcategory_id_seq', 5, true);


--
-- Name: cash_cashtransaction_id_seq; Type: SEQUENCE SET; Schema: public; Owner: yanis
--

SELECT pg_catalog.setval('public.cash_cashtransaction_id_seq', 9, true);


--
-- Name: core_academicyear_id_seq; Type: SEQUENCE SET; Schema: public; Owner: yanis
--

SELECT pg_catalog.setval('public.core_academicyear_id_seq', 1, true);


--
-- Name: core_classroom_id_seq; Type: SEQUENCE SET; Schema: public; Owner: yanis
--

SELECT pg_catalog.setval('public.core_classroom_id_seq', 2, true);


--
-- Name: core_teacherprofile_id_seq; Type: SEQUENCE SET; Schema: public; Owner: yanis
--

SELECT pg_catalog.setval('public.core_teacherprofile_id_seq', 5, true);


--
-- Name: core_user_groups_id_seq; Type: SEQUENCE SET; Schema: public; Owner: yanis
--

SELECT pg_catalog.setval('public.core_user_groups_id_seq', 1, false);


--
-- Name: core_user_id_seq; Type: SEQUENCE SET; Schema: public; Owner: yanis
--

SELECT pg_catalog.setval('public.core_user_id_seq', 7, true);


--
-- Name: core_user_user_permissions_id_seq; Type: SEQUENCE SET; Schema: public; Owner: yanis
--

SELECT pg_catalog.setval('public.core_user_user_permissions_id_seq', 1, false);


--
-- Name: django_admin_log_id_seq; Type: SEQUENCE SET; Schema: public; Owner: yanis
--

SELECT pg_catalog.setval('public.django_admin_log_id_seq', 39, true);


--
-- Name: django_content_type_id_seq; Type: SEQUENCE SET; Schema: public; Owner: yanis
--

SELECT pg_catalog.setval('public.django_content_type_id_seq', 36, true);


--
-- Name: django_migrations_id_seq; Type: SEQUENCE SET; Schema: public; Owner: yanis
--

SELECT pg_catalog.setval('public.django_migrations_id_seq', 68, true);


--
-- Name: documents_synclog_id_seq; Type: SEQUENCE SET; Schema: public; Owner: yanis
--

SELECT pg_catalog.setval('public.documents_synclog_id_seq', 1, true);


--
-- Name: emails_emailcampaign_id_seq; Type: SEQUENCE SET; Schema: public; Owner: yanis
--

SELECT pg_catalog.setval('public.emails_emailcampaign_id_seq', 1, false);


--
-- Name: finance_discount_id_seq; Type: SEQUENCE SET; Schema: public; Owner: yanis
--

SELECT pg_catalog.setval('public.finance_discount_id_seq', 1, false);


--
-- Name: finance_installment_id_seq; Type: SEQUENCE SET; Schema: public; Owner: yanis
--

SELECT pg_catalog.setval('public.finance_installment_id_seq', 49, true);


--
-- Name: finance_payment_id_seq; Type: SEQUENCE SET; Schema: public; Owner: yanis
--

SELECT pg_catalog.setval('public.finance_payment_id_seq', 21, true);


--
-- Name: finance_tariff_id_seq; Type: SEQUENCE SET; Schema: public; Owner: yanis
--

SELECT pg_catalog.setval('public.finance_tariff_id_seq', 8, true);


--
-- Name: finance_teachercohortpayment_id_seq; Type: SEQUENCE SET; Schema: public; Owner: yanis
--

SELECT pg_catalog.setval('public.finance_teachercohortpayment_id_seq', 1, true);


--
-- Name: finance_teacherpayment_id_seq; Type: SEQUENCE SET; Schema: public; Owner: yanis
--

SELECT pg_catalog.setval('public.finance_teacherpayment_id_seq', 1, false);


--
-- Name: inventory_inventoryitem_id_seq; Type: SEQUENCE SET; Schema: public; Owner: yanis
--

SELECT pg_catalog.setval('public.inventory_inventoryitem_id_seq', 1, false);


--
-- Name: inventory_itemcategory_id_seq; Type: SEQUENCE SET; Schema: public; Owner: yanis
--

SELECT pg_catalog.setval('public.inventory_itemcategory_id_seq', 1, false);


--
-- Name: inventory_shoppinglist_id_seq; Type: SEQUENCE SET; Schema: public; Owner: yanis
--

SELECT pg_catalog.setval('public.inventory_shoppinglist_id_seq', 1, false);


--
-- Name: inventory_shoppinglistitem_id_seq; Type: SEQUENCE SET; Schema: public; Owner: yanis
--

SELECT pg_catalog.setval('public.inventory_shoppinglistitem_id_seq', 1, false);


--
-- Name: prospects_prospect_id_seq; Type: SEQUENCE SET; Schema: public; Owner: yanis
--

SELECT pg_catalog.setval('public.prospects_prospect_id_seq', 131, true);


--
-- Name: prospects_uploadhistory_id_seq; Type: SEQUENCE SET; Schema: public; Owner: yanis
--

SELECT pg_catalog.setval('public.prospects_uploadhistory_id_seq', 2, true);


--
-- Name: students_attendance_id_seq; Type: SEQUENCE SET; Schema: public; Owner: yanis
--

SELECT pg_catalog.setval('public.students_attendance_id_seq', 392, true);


--
-- Name: students_enrollment_id_seq; Type: SEQUENCE SET; Schema: public; Owner: yanis
--

SELECT pg_catalog.setval('public.students_enrollment_id_seq', 45, true);


--
-- Name: students_student_id_seq; Type: SEQUENCE SET; Schema: public; Owner: yanis
--

SELECT pg_catalog.setval('public.students_student_id_seq', 94, true);


--
-- Name: students_studentannualfee_id_seq; Type: SEQUENCE SET; Schema: public; Owner: yanis
--

SELECT pg_catalog.setval('public.students_studentannualfee_id_seq', 44, true);


--
-- Name: tasks_category_id_seq; Type: SEQUENCE SET; Schema: public; Owner: yanis
--

SELECT pg_catalog.setval('public.tasks_category_id_seq', 8, true);


--
-- Name: tasks_task_id_seq; Type: SEQUENCE SET; Schema: public; Owner: yanis
--

SELECT pg_catalog.setval('public.tasks_task_id_seq', 6, true);


--
-- Name: academics_cohort academics_cohort_pkey; Type: CONSTRAINT; Schema: public; Owner: yanis
--

ALTER TABLE ONLY public.academics_cohort
    ADD CONSTRAINT academics_cohort_pkey PRIMARY KEY (id);


--
-- Name: academics_cohort_substitute_teachers academics_cohort_substit_cohort_id_user_id_d8ad8c54_uniq; Type: CONSTRAINT; Schema: public; Owner: yanis
--

ALTER TABLE ONLY public.academics_cohort_substitute_teachers
    ADD CONSTRAINT academics_cohort_substit_cohort_id_user_id_d8ad8c54_uniq UNIQUE (cohort_id, user_id);


--
-- Name: academics_cohort_substitute_teachers academics_cohort_substitute_teachers_pkey; Type: CONSTRAINT; Schema: public; Owner: yanis
--

ALTER TABLE ONLY public.academics_cohort_substitute_teachers
    ADD CONSTRAINT academics_cohort_substitute_teachers_pkey PRIMARY KEY (id);


--
-- Name: academics_coursesession academics_coursesession_pkey; Type: CONSTRAINT; Schema: public; Owner: yanis
--

ALTER TABLE ONLY public.academics_coursesession
    ADD CONSTRAINT academics_coursesession_pkey PRIMARY KEY (id);


--
-- Name: academics_level academics_level_pkey; Type: CONSTRAINT; Schema: public; Owner: yanis
--

ALTER TABLE ONLY public.academics_level
    ADD CONSTRAINT academics_level_pkey PRIMARY KEY (id);


--
-- Name: academics_subject academics_subject_pkey; Type: CONSTRAINT; Schema: public; Owner: yanis
--

ALTER TABLE ONLY public.academics_subject
    ADD CONSTRAINT academics_subject_pkey PRIMARY KEY (id);


--
-- Name: academics_weeklyschedule academics_weeklyschedule_pkey; Type: CONSTRAINT; Schema: public; Owner: yanis
--

ALTER TABLE ONLY public.academics_weeklyschedule
    ADD CONSTRAINT academics_weeklyschedule_pkey PRIMARY KEY (id);


--
-- Name: auth_group auth_group_name_key; Type: CONSTRAINT; Schema: public; Owner: yanis
--

ALTER TABLE ONLY public.auth_group
    ADD CONSTRAINT auth_group_name_key UNIQUE (name);


--
-- Name: auth_group_permissions auth_group_permissions_group_id_permission_id_0cd325b0_uniq; Type: CONSTRAINT; Schema: public; Owner: yanis
--

ALTER TABLE ONLY public.auth_group_permissions
    ADD CONSTRAINT auth_group_permissions_group_id_permission_id_0cd325b0_uniq UNIQUE (group_id, permission_id);


--
-- Name: auth_group_permissions auth_group_permissions_pkey; Type: CONSTRAINT; Schema: public; Owner: yanis
--

ALTER TABLE ONLY public.auth_group_permissions
    ADD CONSTRAINT auth_group_permissions_pkey PRIMARY KEY (id);


--
-- Name: auth_group auth_group_pkey; Type: CONSTRAINT; Schema: public; Owner: yanis
--

ALTER TABLE ONLY public.auth_group
    ADD CONSTRAINT auth_group_pkey PRIMARY KEY (id);


--
-- Name: auth_permission auth_permission_content_type_id_codename_01ab375a_uniq; Type: CONSTRAINT; Schema: public; Owner: yanis
--

ALTER TABLE ONLY public.auth_permission
    ADD CONSTRAINT auth_permission_content_type_id_codename_01ab375a_uniq UNIQUE (content_type_id, codename);


--
-- Name: auth_permission auth_permission_pkey; Type: CONSTRAINT; Schema: public; Owner: yanis
--

ALTER TABLE ONLY public.auth_permission
    ADD CONSTRAINT auth_permission_pkey PRIMARY KEY (id);


--
-- Name: cash_cashcategory cash_cashcategory_name_key; Type: CONSTRAINT; Schema: public; Owner: yanis
--

ALTER TABLE ONLY public.cash_cashcategory
    ADD CONSTRAINT cash_cashcategory_name_key UNIQUE (name);


--
-- Name: cash_cashcategory cash_cashcategory_pkey; Type: CONSTRAINT; Schema: public; Owner: yanis
--

ALTER TABLE ONLY public.cash_cashcategory
    ADD CONSTRAINT cash_cashcategory_pkey PRIMARY KEY (id);


--
-- Name: cash_cashtransaction cash_cashtransaction_pkey; Type: CONSTRAINT; Schema: public; Owner: yanis
--

ALTER TABLE ONLY public.cash_cashtransaction
    ADD CONSTRAINT cash_cashtransaction_pkey PRIMARY KEY (id);


--
-- Name: core_academicyear core_academicyear_label_key; Type: CONSTRAINT; Schema: public; Owner: yanis
--

ALTER TABLE ONLY public.core_academicyear
    ADD CONSTRAINT core_academicyear_label_key UNIQUE (label);


--
-- Name: core_academicyear core_academicyear_pkey; Type: CONSTRAINT; Schema: public; Owner: yanis
--

ALTER TABLE ONLY public.core_academicyear
    ADD CONSTRAINT core_academicyear_pkey PRIMARY KEY (id);


--
-- Name: core_classroom core_classroom_pkey; Type: CONSTRAINT; Schema: public; Owner: yanis
--

ALTER TABLE ONLY public.core_classroom
    ADD CONSTRAINT core_classroom_pkey PRIMARY KEY (id);


--
-- Name: core_teacherprofile core_teacherprofile_pkey; Type: CONSTRAINT; Schema: public; Owner: yanis
--

ALTER TABLE ONLY public.core_teacherprofile
    ADD CONSTRAINT core_teacherprofile_pkey PRIMARY KEY (id);


--
-- Name: core_teacherprofile core_teacherprofile_user_id_key; Type: CONSTRAINT; Schema: public; Owner: yanis
--

ALTER TABLE ONLY public.core_teacherprofile
    ADD CONSTRAINT core_teacherprofile_user_id_key UNIQUE (user_id);


--
-- Name: core_user_groups core_user_groups_pkey; Type: CONSTRAINT; Schema: public; Owner: yanis
--

ALTER TABLE ONLY public.core_user_groups
    ADD CONSTRAINT core_user_groups_pkey PRIMARY KEY (id);


--
-- Name: core_user_groups core_user_groups_user_id_group_id_c82fcad1_uniq; Type: CONSTRAINT; Schema: public; Owner: yanis
--

ALTER TABLE ONLY public.core_user_groups
    ADD CONSTRAINT core_user_groups_user_id_group_id_c82fcad1_uniq UNIQUE (user_id, group_id);


--
-- Name: core_user core_user_pkey; Type: CONSTRAINT; Schema: public; Owner: yanis
--

ALTER TABLE ONLY public.core_user
    ADD CONSTRAINT core_user_pkey PRIMARY KEY (id);


--
-- Name: core_user_user_permissions core_user_user_permissions_pkey; Type: CONSTRAINT; Schema: public; Owner: yanis
--

ALTER TABLE ONLY public.core_user_user_permissions
    ADD CONSTRAINT core_user_user_permissions_pkey PRIMARY KEY (id);


--
-- Name: core_user_user_permissions core_user_user_permissions_user_id_permission_id_73ea0daa_uniq; Type: CONSTRAINT; Schema: public; Owner: yanis
--

ALTER TABLE ONLY public.core_user_user_permissions
    ADD CONSTRAINT core_user_user_permissions_user_id_permission_id_73ea0daa_uniq UNIQUE (user_id, permission_id);


--
-- Name: core_user core_user_username_key; Type: CONSTRAINT; Schema: public; Owner: yanis
--

ALTER TABLE ONLY public.core_user
    ADD CONSTRAINT core_user_username_key UNIQUE (username);


--
-- Name: django_admin_log django_admin_log_pkey; Type: CONSTRAINT; Schema: public; Owner: yanis
--

ALTER TABLE ONLY public.django_admin_log
    ADD CONSTRAINT django_admin_log_pkey PRIMARY KEY (id);


--
-- Name: django_content_type django_content_type_app_label_model_76bd3d3b_uniq; Type: CONSTRAINT; Schema: public; Owner: yanis
--

ALTER TABLE ONLY public.django_content_type
    ADD CONSTRAINT django_content_type_app_label_model_76bd3d3b_uniq UNIQUE (app_label, model);


--
-- Name: django_content_type django_content_type_pkey; Type: CONSTRAINT; Schema: public; Owner: yanis
--

ALTER TABLE ONLY public.django_content_type
    ADD CONSTRAINT django_content_type_pkey PRIMARY KEY (id);


--
-- Name: django_migrations django_migrations_pkey; Type: CONSTRAINT; Schema: public; Owner: yanis
--

ALTER TABLE ONLY public.django_migrations
    ADD CONSTRAINT django_migrations_pkey PRIMARY KEY (id);


--
-- Name: django_session django_session_pkey; Type: CONSTRAINT; Schema: public; Owner: yanis
--

ALTER TABLE ONLY public.django_session
    ADD CONSTRAINT django_session_pkey PRIMARY KEY (session_key);


--
-- Name: documents_synclog documents_synclog_pkey; Type: CONSTRAINT; Schema: public; Owner: yanis
--

ALTER TABLE ONLY public.documents_synclog
    ADD CONSTRAINT documents_synclog_pkey PRIMARY KEY (id);


--
-- Name: emails_emailcampaign emails_emailcampaign_pkey; Type: CONSTRAINT; Schema: public; Owner: yanis
--

ALTER TABLE ONLY public.emails_emailcampaign
    ADD CONSTRAINT emails_emailcampaign_pkey PRIMARY KEY (id);


--
-- Name: finance_discount finance_discount_pkey; Type: CONSTRAINT; Schema: public; Owner: yanis
--

ALTER TABLE ONLY public.finance_discount
    ADD CONSTRAINT finance_discount_pkey PRIMARY KEY (id);


--
-- Name: finance_installment finance_installment_pkey; Type: CONSTRAINT; Schema: public; Owner: yanis
--

ALTER TABLE ONLY public.finance_installment
    ADD CONSTRAINT finance_installment_pkey PRIMARY KEY (id);


--
-- Name: finance_payment finance_payment_pkey; Type: CONSTRAINT; Schema: public; Owner: yanis
--

ALTER TABLE ONLY public.finance_payment
    ADD CONSTRAINT finance_payment_pkey PRIMARY KEY (id);


--
-- Name: finance_tariff finance_tariff_pkey; Type: CONSTRAINT; Schema: public; Owner: yanis
--

ALTER TABLE ONLY public.finance_tariff
    ADD CONSTRAINT finance_tariff_pkey PRIMARY KEY (id);


--
-- Name: finance_teachercohortpayment finance_teachercohortpayment_pkey; Type: CONSTRAINT; Schema: public; Owner: yanis
--

ALTER TABLE ONLY public.finance_teachercohortpayment
    ADD CONSTRAINT finance_teachercohortpayment_pkey PRIMARY KEY (id);


--
-- Name: finance_teacherpayment finance_teacherpayment_pkey; Type: CONSTRAINT; Schema: public; Owner: yanis
--

ALTER TABLE ONLY public.finance_teacherpayment
    ADD CONSTRAINT finance_teacherpayment_pkey PRIMARY KEY (id);


--
-- Name: inventory_inventoryitem inventory_inventoryitem_pkey; Type: CONSTRAINT; Schema: public; Owner: yanis
--

ALTER TABLE ONLY public.inventory_inventoryitem
    ADD CONSTRAINT inventory_inventoryitem_pkey PRIMARY KEY (id);


--
-- Name: inventory_itemcategory inventory_itemcategory_name_key; Type: CONSTRAINT; Schema: public; Owner: yanis
--

ALTER TABLE ONLY public.inventory_itemcategory
    ADD CONSTRAINT inventory_itemcategory_name_key UNIQUE (name);


--
-- Name: inventory_itemcategory inventory_itemcategory_pkey; Type: CONSTRAINT; Schema: public; Owner: yanis
--

ALTER TABLE ONLY public.inventory_itemcategory
    ADD CONSTRAINT inventory_itemcategory_pkey PRIMARY KEY (id);


--
-- Name: inventory_shoppinglist inventory_shoppinglist_pkey; Type: CONSTRAINT; Schema: public; Owner: yanis
--

ALTER TABLE ONLY public.inventory_shoppinglist
    ADD CONSTRAINT inventory_shoppinglist_pkey PRIMARY KEY (id);


--
-- Name: inventory_shoppinglistitem inventory_shoppinglistitem_pkey; Type: CONSTRAINT; Schema: public; Owner: yanis
--

ALTER TABLE ONLY public.inventory_shoppinglistitem
    ADD CONSTRAINT inventory_shoppinglistitem_pkey PRIMARY KEY (id);


--
-- Name: prospects_prospect prospects_prospect_pkey; Type: CONSTRAINT; Schema: public; Owner: yanis
--

ALTER TABLE ONLY public.prospects_prospect
    ADD CONSTRAINT prospects_prospect_pkey PRIMARY KEY (id);


--
-- Name: prospects_uploadhistory prospects_uploadhistory_pkey; Type: CONSTRAINT; Schema: public; Owner: yanis
--

ALTER TABLE ONLY public.prospects_uploadhistory
    ADD CONSTRAINT prospects_uploadhistory_pkey PRIMARY KEY (id);


--
-- Name: students_attendance students_attendance_pkey; Type: CONSTRAINT; Schema: public; Owner: yanis
--

ALTER TABLE ONLY public.students_attendance
    ADD CONSTRAINT students_attendance_pkey PRIMARY KEY (id);


--
-- Name: students_attendance students_attendance_session_id_student_id_eebf9d53_uniq; Type: CONSTRAINT; Schema: public; Owner: yanis
--

ALTER TABLE ONLY public.students_attendance
    ADD CONSTRAINT students_attendance_session_id_student_id_eebf9d53_uniq UNIQUE (session_id, student_id);


--
-- Name: students_enrollment students_enrollment_contract_code_key; Type: CONSTRAINT; Schema: public; Owner: yanis
--

ALTER TABLE ONLY public.students_enrollment
    ADD CONSTRAINT students_enrollment_contract_code_key UNIQUE (contract_code);


--
-- Name: students_enrollment students_enrollment_pkey; Type: CONSTRAINT; Schema: public; Owner: yanis
--

ALTER TABLE ONLY public.students_enrollment
    ADD CONSTRAINT students_enrollment_pkey PRIMARY KEY (id);


--
-- Name: students_student students_student_pkey; Type: CONSTRAINT; Schema: public; Owner: yanis
--

ALTER TABLE ONLY public.students_student
    ADD CONSTRAINT students_student_pkey PRIMARY KEY (id);


--
-- Name: students_student students_student_student_code_key; Type: CONSTRAINT; Schema: public; Owner: yanis
--

ALTER TABLE ONLY public.students_student
    ADD CONSTRAINT students_student_student_code_key UNIQUE (student_code);


--
-- Name: students_studentannualfee students_studentannualfe_student_id_academic_year_4b1ea96a_uniq; Type: CONSTRAINT; Schema: public; Owner: yanis
--

ALTER TABLE ONLY public.students_studentannualfee
    ADD CONSTRAINT students_studentannualfe_student_id_academic_year_4b1ea96a_uniq UNIQUE (student_id, academic_year_id);


--
-- Name: students_studentannualfee students_studentannualfee_pkey; Type: CONSTRAINT; Schema: public; Owner: yanis
--

ALTER TABLE ONLY public.students_studentannualfee
    ADD CONSTRAINT students_studentannualfee_pkey PRIMARY KEY (id);


--
-- Name: tasks_category tasks_category_name_key; Type: CONSTRAINT; Schema: public; Owner: yanis
--

ALTER TABLE ONLY public.tasks_category
    ADD CONSTRAINT tasks_category_name_key UNIQUE (name);


--
-- Name: tasks_category tasks_category_pkey; Type: CONSTRAINT; Schema: public; Owner: yanis
--

ALTER TABLE ONLY public.tasks_category
    ADD CONSTRAINT tasks_category_pkey PRIMARY KEY (id);


--
-- Name: tasks_task tasks_task_pkey; Type: CONSTRAINT; Schema: public; Owner: yanis
--

ALTER TABLE ONLY public.tasks_task
    ADD CONSTRAINT tasks_task_pkey PRIMARY KEY (id);


--
-- Name: finance_teachercohortpayment unique_cohort_payment_entry; Type: CONSTRAINT; Schema: public; Owner: yanis
--

ALTER TABLE ONLY public.finance_teachercohortpayment
    ADD CONSTRAINT unique_cohort_payment_entry UNIQUE (teacher_id, cohort_id, period_start, period_end, payment_date, amount_paid);


--
-- Name: academics_cohort_academic_year_id_5d0f34b3; Type: INDEX; Schema: public; Owner: yanis
--

CREATE INDEX academics_cohort_academic_year_id_5d0f34b3 ON public.academics_cohort USING btree (academic_year_id);


--
-- Name: academics_cohort_level_id_7483f77b; Type: INDEX; Schema: public; Owner: yanis
--

CREATE INDEX academics_cohort_level_id_7483f77b ON public.academics_cohort USING btree (level_id);


--
-- Name: academics_cohort_subject_id_ddfb6594; Type: INDEX; Schema: public; Owner: yanis
--

CREATE INDEX academics_cohort_subject_id_ddfb6594 ON public.academics_cohort USING btree (subject_id);


--
-- Name: academics_cohort_substitute_teacher_id_0b1dc101; Type: INDEX; Schema: public; Owner: yanis
--

CREATE INDEX academics_cohort_substitute_teacher_id_0b1dc101 ON public.academics_cohort USING btree (substitute_teacher_id);


--
-- Name: academics_cohort_substitute_teachers_cohort_id_a7ef0c5d; Type: INDEX; Schema: public; Owner: yanis
--

CREATE INDEX academics_cohort_substitute_teachers_cohort_id_a7ef0c5d ON public.academics_cohort_substitute_teachers USING btree (cohort_id);


--
-- Name: academics_cohort_substitute_teachers_user_id_4d95280e; Type: INDEX; Schema: public; Owner: yanis
--

CREATE INDEX academics_cohort_substitute_teachers_user_id_4d95280e ON public.academics_cohort_substitute_teachers USING btree (user_id);


--
-- Name: academics_cohort_teacher_id_8b41c884; Type: INDEX; Schema: public; Owner: yanis
--

CREATE INDEX academics_cohort_teacher_id_8b41c884 ON public.academics_cohort USING btree (teacher_id);


--
-- Name: academics_coursesession_classroom_id_1bf3e262; Type: INDEX; Schema: public; Owner: yanis
--

CREATE INDEX academics_coursesession_classroom_id_1bf3e262 ON public.academics_coursesession USING btree (classroom_id);


--
-- Name: academics_coursesession_cohort_id_097d4114; Type: INDEX; Schema: public; Owner: yanis
--

CREATE INDEX academics_coursesession_cohort_id_097d4114 ON public.academics_coursesession USING btree (cohort_id);


--
-- Name: academics_coursesession_teacher_id_f017250a; Type: INDEX; Schema: public; Owner: yanis
--

CREATE INDEX academics_coursesession_teacher_id_f017250a ON public.academics_coursesession USING btree (teacher_id);


--
-- Name: academics_weeklyschedule_classroom_id_4741283d; Type: INDEX; Schema: public; Owner: yanis
--

CREATE INDEX academics_weeklyschedule_classroom_id_4741283d ON public.academics_weeklyschedule USING btree (classroom_id);


--
-- Name: academics_weeklyschedule_cohort_id_6c3f2e49; Type: INDEX; Schema: public; Owner: yanis
--

CREATE INDEX academics_weeklyschedule_cohort_id_6c3f2e49 ON public.academics_weeklyschedule USING btree (cohort_id);


--
-- Name: auth_group_name_a6ea08ec_like; Type: INDEX; Schema: public; Owner: yanis
--

CREATE INDEX auth_group_name_a6ea08ec_like ON public.auth_group USING btree (name varchar_pattern_ops);


--
-- Name: auth_group_permissions_group_id_b120cbf9; Type: INDEX; Schema: public; Owner: yanis
--

CREATE INDEX auth_group_permissions_group_id_b120cbf9 ON public.auth_group_permissions USING btree (group_id);


--
-- Name: auth_group_permissions_permission_id_84c5c92e; Type: INDEX; Schema: public; Owner: yanis
--

CREATE INDEX auth_group_permissions_permission_id_84c5c92e ON public.auth_group_permissions USING btree (permission_id);


--
-- Name: auth_permission_content_type_id_2f476e4b; Type: INDEX; Schema: public; Owner: yanis
--

CREATE INDEX auth_permission_content_type_id_2f476e4b ON public.auth_permission USING btree (content_type_id);


--
-- Name: cash_cashcategory_name_2ef2759c_like; Type: INDEX; Schema: public; Owner: yanis
--

CREATE INDEX cash_cashcategory_name_2ef2759c_like ON public.cash_cashcategory USING btree (name varchar_pattern_ops);


--
-- Name: cash_cashtransaction_category_id_42da54e1; Type: INDEX; Schema: public; Owner: yanis
--

CREATE INDEX cash_cashtransaction_category_id_42da54e1 ON public.cash_cashtransaction USING btree (category_id);


--
-- Name: cash_cashtransaction_created_by_id_083f1e49; Type: INDEX; Schema: public; Owner: yanis
--

CREATE INDEX cash_cashtransaction_created_by_id_083f1e49 ON public.cash_cashtransaction USING btree (created_by_id);


--
-- Name: core_academicyear_label_79f112d3_like; Type: INDEX; Schema: public; Owner: yanis
--

CREATE INDEX core_academicyear_label_79f112d3_like ON public.core_academicyear USING btree (label varchar_pattern_ops);


--
-- Name: core_user_groups_group_id_fe8c697f; Type: INDEX; Schema: public; Owner: yanis
--

CREATE INDEX core_user_groups_group_id_fe8c697f ON public.core_user_groups USING btree (group_id);


--
-- Name: core_user_groups_user_id_70b4d9b8; Type: INDEX; Schema: public; Owner: yanis
--

CREATE INDEX core_user_groups_user_id_70b4d9b8 ON public.core_user_groups USING btree (user_id);


--
-- Name: core_user_user_permissions_permission_id_35ccf601; Type: INDEX; Schema: public; Owner: yanis
--

CREATE INDEX core_user_user_permissions_permission_id_35ccf601 ON public.core_user_user_permissions USING btree (permission_id);


--
-- Name: core_user_user_permissions_user_id_085123d3; Type: INDEX; Schema: public; Owner: yanis
--

CREATE INDEX core_user_user_permissions_user_id_085123d3 ON public.core_user_user_permissions USING btree (user_id);


--
-- Name: core_user_username_36e4f7f7_like; Type: INDEX; Schema: public; Owner: yanis
--

CREATE INDEX core_user_username_36e4f7f7_like ON public.core_user USING btree (username varchar_pattern_ops);


--
-- Name: django_admin_log_content_type_id_c4bce8eb; Type: INDEX; Schema: public; Owner: yanis
--

CREATE INDEX django_admin_log_content_type_id_c4bce8eb ON public.django_admin_log USING btree (content_type_id);


--
-- Name: django_admin_log_user_id_c564eba6; Type: INDEX; Schema: public; Owner: yanis
--

CREATE INDEX django_admin_log_user_id_c564eba6 ON public.django_admin_log USING btree (user_id);


--
-- Name: django_session_expire_date_a5c62663; Type: INDEX; Schema: public; Owner: yanis
--

CREATE INDEX django_session_expire_date_a5c62663 ON public.django_session USING btree (expire_date);


--
-- Name: django_session_session_key_c0390e0f_like; Type: INDEX; Schema: public; Owner: yanis
--

CREATE INDEX django_session_session_key_c0390e0f_like ON public.django_session USING btree (session_key varchar_pattern_ops);


--
-- Name: documents_synclog_user_id_542067df; Type: INDEX; Schema: public; Owner: yanis
--

CREATE INDEX documents_synclog_user_id_542067df ON public.documents_synclog USING btree (user_id);


--
-- Name: emails_emailcampaign_cohort_id_c1429e9d; Type: INDEX; Schema: public; Owner: yanis
--

CREATE INDEX emails_emailcampaign_cohort_id_c1429e9d ON public.emails_emailcampaign USING btree (cohort_id);


--
-- Name: emails_emailcampaign_sent_by_id_a4132e40; Type: INDEX; Schema: public; Owner: yanis
--

CREATE INDEX emails_emailcampaign_sent_by_id_a4132e40 ON public.emails_emailcampaign USING btree (sent_by_id);


--
-- Name: finance_installment_enrollment_id_6148f48f; Type: INDEX; Schema: public; Owner: yanis
--

CREATE INDEX finance_installment_enrollment_id_6148f48f ON public.finance_installment USING btree (enrollment_id);


--
-- Name: finance_installment_payment_id_da429205; Type: INDEX; Schema: public; Owner: yanis
--

CREATE INDEX finance_installment_payment_id_da429205 ON public.finance_installment USING btree (payment_id);


--
-- Name: finance_payment_enrollment_id_a58e115c; Type: INDEX; Schema: public; Owner: yanis
--

CREATE INDEX finance_payment_enrollment_id_a58e115c ON public.finance_payment USING btree (enrollment_id);


--
-- Name: finance_payment_recorded_by_id_d157063d; Type: INDEX; Schema: public; Owner: yanis
--

CREATE INDEX finance_payment_recorded_by_id_d157063d ON public.finance_payment USING btree (recorded_by_id);


--
-- Name: finance_tea_cohort__4f2f2c_idx; Type: INDEX; Schema: public; Owner: yanis
--

CREATE INDEX finance_tea_cohort__4f2f2c_idx ON public.finance_teachercohortpayment USING btree (cohort_id, payment_date DESC);


--
-- Name: finance_tea_teacher_4532f6_idx; Type: INDEX; Schema: public; Owner: yanis
--

CREATE INDEX finance_tea_teacher_4532f6_idx ON public.finance_teachercohortpayment USING btree (teacher_id, cohort_id, payment_date DESC);


--
-- Name: finance_teachercohortpayment_cohort_id_a9a25277; Type: INDEX; Schema: public; Owner: yanis
--

CREATE INDEX finance_teachercohortpayment_cohort_id_a9a25277 ON public.finance_teachercohortpayment USING btree (cohort_id);


--
-- Name: finance_teachercohortpayment_recorded_by_id_d28330d2; Type: INDEX; Schema: public; Owner: yanis
--

CREATE INDEX finance_teachercohortpayment_recorded_by_id_d28330d2 ON public.finance_teachercohortpayment USING btree (recorded_by_id);


--
-- Name: finance_teachercohortpayment_teacher_id_e680eccf; Type: INDEX; Schema: public; Owner: yanis
--

CREATE INDEX finance_teachercohortpayment_teacher_id_e680eccf ON public.finance_teachercohortpayment USING btree (teacher_id);


--
-- Name: finance_teacherpayment_recorded_by_id_79328860; Type: INDEX; Schema: public; Owner: yanis
--

CREATE INDEX finance_teacherpayment_recorded_by_id_79328860 ON public.finance_teacherpayment USING btree (recorded_by_id);


--
-- Name: finance_teacherpayment_teacher_id_dec770d6; Type: INDEX; Schema: public; Owner: yanis
--

CREATE INDEX finance_teacherpayment_teacher_id_dec770d6 ON public.finance_teacherpayment USING btree (teacher_id);


--
-- Name: inventory_inventoryitem_category_id_06acb4f3; Type: INDEX; Schema: public; Owner: yanis
--

CREATE INDEX inventory_inventoryitem_category_id_06acb4f3 ON public.inventory_inventoryitem USING btree (category_id);


--
-- Name: inventory_itemcategory_name_173c5e8f_like; Type: INDEX; Schema: public; Owner: yanis
--

CREATE INDEX inventory_itemcategory_name_173c5e8f_like ON public.inventory_itemcategory USING btree (name varchar_pattern_ops);


--
-- Name: inventory_shoppinglist_created_by_id_2cec414e; Type: INDEX; Schema: public; Owner: yanis
--

CREATE INDEX inventory_shoppinglist_created_by_id_2cec414e ON public.inventory_shoppinglist USING btree (created_by_id);


--
-- Name: inventory_shoppinglistitem_item_id_49256e5e; Type: INDEX; Schema: public; Owner: yanis
--

CREATE INDEX inventory_shoppinglistitem_item_id_49256e5e ON public.inventory_shoppinglistitem USING btree (item_id);


--
-- Name: inventory_shoppinglistitem_shopping_list_id_fe836444; Type: INDEX; Schema: public; Owner: yanis
--

CREATE INDEX inventory_shoppinglistitem_shopping_list_id_fe836444 ON public.inventory_shoppinglistitem USING btree (shopping_list_id);


--
-- Name: students_attendance_enrollment_id_4ea0661f; Type: INDEX; Schema: public; Owner: yanis
--

CREATE INDEX students_attendance_enrollment_id_4ea0661f ON public.students_attendance USING btree (enrollment_id);


--
-- Name: students_attendance_session_id_f0a9a3f0; Type: INDEX; Schema: public; Owner: yanis
--

CREATE INDEX students_attendance_session_id_f0a9a3f0 ON public.students_attendance USING btree (session_id);


--
-- Name: students_attendance_student_id_95d59851; Type: INDEX; Schema: public; Owner: yanis
--

CREATE INDEX students_attendance_student_id_95d59851 ON public.students_attendance USING btree (student_id);


--
-- Name: students_enrollment_cohort_id_6884c4c5; Type: INDEX; Schema: public; Owner: yanis
--

CREATE INDEX students_enrollment_cohort_id_6884c4c5 ON public.students_enrollment USING btree (cohort_id);


--
-- Name: students_enrollment_contract_code_a364cb4e_like; Type: INDEX; Schema: public; Owner: yanis
--

CREATE INDEX students_enrollment_contract_code_a364cb4e_like ON public.students_enrollment USING btree (contract_code varchar_pattern_ops);


--
-- Name: students_enrollment_discount_id_04393ea0; Type: INDEX; Schema: public; Owner: yanis
--

CREATE INDEX students_enrollment_discount_id_04393ea0 ON public.students_enrollment USING btree (discount_id);


--
-- Name: students_enrollment_student_id_f38f10af; Type: INDEX; Schema: public; Owner: yanis
--

CREATE INDEX students_enrollment_student_id_f38f10af ON public.students_enrollment USING btree (student_id);


--
-- Name: students_enrollment_tariff_id_74fb8b36; Type: INDEX; Schema: public; Owner: yanis
--

CREATE INDEX students_enrollment_tariff_id_74fb8b36 ON public.students_enrollment USING btree (tariff_id);


--
-- Name: students_student_student_code_2a7d5539_like; Type: INDEX; Schema: public; Owner: yanis
--

CREATE INDEX students_student_student_code_2a7d5539_like ON public.students_student USING btree (student_code varchar_pattern_ops);


--
-- Name: students_studentannualfee_academic_year_id_429d6721; Type: INDEX; Schema: public; Owner: yanis
--

CREATE INDEX students_studentannualfee_academic_year_id_429d6721 ON public.students_studentannualfee USING btree (academic_year_id);


--
-- Name: students_studentannualfee_student_id_4581c2d0; Type: INDEX; Schema: public; Owner: yanis
--

CREATE INDEX students_studentannualfee_student_id_4581c2d0 ON public.students_studentannualfee USING btree (student_id);


--
-- Name: tasks_category_name_293ebb80_like; Type: INDEX; Schema: public; Owner: yanis
--

CREATE INDEX tasks_category_name_293ebb80_like ON public.tasks_category USING btree (name varchar_pattern_ops);


--
-- Name: tasks_task_assigned_to_id_e8821f61; Type: INDEX; Schema: public; Owner: yanis
--

CREATE INDEX tasks_task_assigned_to_id_e8821f61 ON public.tasks_task USING btree (assigned_to_id);


--
-- Name: tasks_task_category_id_ec02979a; Type: INDEX; Schema: public; Owner: yanis
--

CREATE INDEX tasks_task_category_id_ec02979a ON public.tasks_task USING btree (category_id);


--
-- Name: tasks_task_created_by_id_1345568a; Type: INDEX; Schema: public; Owner: yanis
--

CREATE INDEX tasks_task_created_by_id_1345568a ON public.tasks_task USING btree (created_by_id);


--
-- Name: tasks_task_prospect_id_310d243c; Type: INDEX; Schema: public; Owner: yanis
--

CREATE INDEX tasks_task_prospect_id_310d243c ON public.tasks_task USING btree (prospect_id);


--
-- Name: tasks_task_student_id_7594d2a5; Type: INDEX; Schema: public; Owner: yanis
--

CREATE INDEX tasks_task_student_id_7594d2a5 ON public.tasks_task USING btree (student_id);


--
-- Name: academics_cohort academics_cohort_academic_year_id_5d0f34b3_fk_core_acad; Type: FK CONSTRAINT; Schema: public; Owner: yanis
--

ALTER TABLE ONLY public.academics_cohort
    ADD CONSTRAINT academics_cohort_academic_year_id_5d0f34b3_fk_core_acad FOREIGN KEY (academic_year_id) REFERENCES public.core_academicyear(id) DEFERRABLE INITIALLY DEFERRED;


--
-- Name: academics_cohort academics_cohort_level_id_7483f77b_fk_academics_level_id; Type: FK CONSTRAINT; Schema: public; Owner: yanis
--

ALTER TABLE ONLY public.academics_cohort
    ADD CONSTRAINT academics_cohort_level_id_7483f77b_fk_academics_level_id FOREIGN KEY (level_id) REFERENCES public.academics_level(id) DEFERRABLE INITIALLY DEFERRED;


--
-- Name: academics_cohort_substitute_teachers academics_cohort_sub_cohort_id_a7ef0c5d_fk_academics; Type: FK CONSTRAINT; Schema: public; Owner: yanis
--

ALTER TABLE ONLY public.academics_cohort_substitute_teachers
    ADD CONSTRAINT academics_cohort_sub_cohort_id_a7ef0c5d_fk_academics FOREIGN KEY (cohort_id) REFERENCES public.academics_cohort(id) DEFERRABLE INITIALLY DEFERRED;


--
-- Name: academics_cohort_substitute_teachers academics_cohort_sub_user_id_4d95280e_fk_core_user; Type: FK CONSTRAINT; Schema: public; Owner: yanis
--

ALTER TABLE ONLY public.academics_cohort_substitute_teachers
    ADD CONSTRAINT academics_cohort_sub_user_id_4d95280e_fk_core_user FOREIGN KEY (user_id) REFERENCES public.core_user(id) DEFERRABLE INITIALLY DEFERRED;


--
-- Name: academics_cohort academics_cohort_subject_id_ddfb6594_fk_academics_subject_id; Type: FK CONSTRAINT; Schema: public; Owner: yanis
--

ALTER TABLE ONLY public.academics_cohort
    ADD CONSTRAINT academics_cohort_subject_id_ddfb6594_fk_academics_subject_id FOREIGN KEY (subject_id) REFERENCES public.academics_subject(id) DEFERRABLE INITIALLY DEFERRED;


--
-- Name: academics_cohort academics_cohort_substitute_teacher_id_0b1dc101_fk_core_user_id; Type: FK CONSTRAINT; Schema: public; Owner: yanis
--

ALTER TABLE ONLY public.academics_cohort
    ADD CONSTRAINT academics_cohort_substitute_teacher_id_0b1dc101_fk_core_user_id FOREIGN KEY (substitute_teacher_id) REFERENCES public.core_user(id) DEFERRABLE INITIALLY DEFERRED;


--
-- Name: academics_cohort academics_cohort_teacher_id_8b41c884_fk_core_user_id; Type: FK CONSTRAINT; Schema: public; Owner: yanis
--

ALTER TABLE ONLY public.academics_cohort
    ADD CONSTRAINT academics_cohort_teacher_id_8b41c884_fk_core_user_id FOREIGN KEY (teacher_id) REFERENCES public.core_user(id) DEFERRABLE INITIALLY DEFERRED;


--
-- Name: academics_coursesession academics_coursesess_classroom_id_1bf3e262_fk_core_clas; Type: FK CONSTRAINT; Schema: public; Owner: yanis
--

ALTER TABLE ONLY public.academics_coursesession
    ADD CONSTRAINT academics_coursesess_classroom_id_1bf3e262_fk_core_clas FOREIGN KEY (classroom_id) REFERENCES public.core_classroom(id) DEFERRABLE INITIALLY DEFERRED;


--
-- Name: academics_coursesession academics_coursesess_cohort_id_097d4114_fk_academics; Type: FK CONSTRAINT; Schema: public; Owner: yanis
--

ALTER TABLE ONLY public.academics_coursesession
    ADD CONSTRAINT academics_coursesess_cohort_id_097d4114_fk_academics FOREIGN KEY (cohort_id) REFERENCES public.academics_cohort(id) DEFERRABLE INITIALLY DEFERRED;


--
-- Name: academics_coursesession academics_coursesession_teacher_id_f017250a_fk_core_user_id; Type: FK CONSTRAINT; Schema: public; Owner: yanis
--

ALTER TABLE ONLY public.academics_coursesession
    ADD CONSTRAINT academics_coursesession_teacher_id_f017250a_fk_core_user_id FOREIGN KEY (teacher_id) REFERENCES public.core_user(id) DEFERRABLE INITIALLY DEFERRED;


--
-- Name: academics_weeklyschedule academics_weeklysche_classroom_id_4741283d_fk_core_clas; Type: FK CONSTRAINT; Schema: public; Owner: yanis
--

ALTER TABLE ONLY public.academics_weeklyschedule
    ADD CONSTRAINT academics_weeklysche_classroom_id_4741283d_fk_core_clas FOREIGN KEY (classroom_id) REFERENCES public.core_classroom(id) DEFERRABLE INITIALLY DEFERRED;


--
-- Name: academics_weeklyschedule academics_weeklysche_cohort_id_6c3f2e49_fk_academics; Type: FK CONSTRAINT; Schema: public; Owner: yanis
--

ALTER TABLE ONLY public.academics_weeklyschedule
    ADD CONSTRAINT academics_weeklysche_cohort_id_6c3f2e49_fk_academics FOREIGN KEY (cohort_id) REFERENCES public.academics_cohort(id) DEFERRABLE INITIALLY DEFERRED;


--
-- Name: auth_group_permissions auth_group_permissio_permission_id_84c5c92e_fk_auth_perm; Type: FK CONSTRAINT; Schema: public; Owner: yanis
--

ALTER TABLE ONLY public.auth_group_permissions
    ADD CONSTRAINT auth_group_permissio_permission_id_84c5c92e_fk_auth_perm FOREIGN KEY (permission_id) REFERENCES public.auth_permission(id) DEFERRABLE INITIALLY DEFERRED;


--
-- Name: auth_group_permissions auth_group_permissions_group_id_b120cbf9_fk_auth_group_id; Type: FK CONSTRAINT; Schema: public; Owner: yanis
--

ALTER TABLE ONLY public.auth_group_permissions
    ADD CONSTRAINT auth_group_permissions_group_id_b120cbf9_fk_auth_group_id FOREIGN KEY (group_id) REFERENCES public.auth_group(id) DEFERRABLE INITIALLY DEFERRED;


--
-- Name: auth_permission auth_permission_content_type_id_2f476e4b_fk_django_co; Type: FK CONSTRAINT; Schema: public; Owner: yanis
--

ALTER TABLE ONLY public.auth_permission
    ADD CONSTRAINT auth_permission_content_type_id_2f476e4b_fk_django_co FOREIGN KEY (content_type_id) REFERENCES public.django_content_type(id) DEFERRABLE INITIALLY DEFERRED;


--
-- Name: cash_cashtransaction cash_cashtransaction_category_id_42da54e1_fk_cash_cash; Type: FK CONSTRAINT; Schema: public; Owner: yanis
--

ALTER TABLE ONLY public.cash_cashtransaction
    ADD CONSTRAINT cash_cashtransaction_category_id_42da54e1_fk_cash_cash FOREIGN KEY (category_id) REFERENCES public.cash_cashcategory(id) DEFERRABLE INITIALLY DEFERRED;


--
-- Name: cash_cashtransaction cash_cashtransaction_created_by_id_083f1e49_fk_core_user_id; Type: FK CONSTRAINT; Schema: public; Owner: yanis
--

ALTER TABLE ONLY public.cash_cashtransaction
    ADD CONSTRAINT cash_cashtransaction_created_by_id_083f1e49_fk_core_user_id FOREIGN KEY (created_by_id) REFERENCES public.core_user(id) DEFERRABLE INITIALLY DEFERRED;


--
-- Name: core_teacherprofile core_teacherprofile_user_id_b44475c4_fk_core_user_id; Type: FK CONSTRAINT; Schema: public; Owner: yanis
--

ALTER TABLE ONLY public.core_teacherprofile
    ADD CONSTRAINT core_teacherprofile_user_id_b44475c4_fk_core_user_id FOREIGN KEY (user_id) REFERENCES public.core_user(id) DEFERRABLE INITIALLY DEFERRED;


--
-- Name: core_user_groups core_user_groups_group_id_fe8c697f_fk_auth_group_id; Type: FK CONSTRAINT; Schema: public; Owner: yanis
--

ALTER TABLE ONLY public.core_user_groups
    ADD CONSTRAINT core_user_groups_group_id_fe8c697f_fk_auth_group_id FOREIGN KEY (group_id) REFERENCES public.auth_group(id) DEFERRABLE INITIALLY DEFERRED;


--
-- Name: core_user_groups core_user_groups_user_id_70b4d9b8_fk_core_user_id; Type: FK CONSTRAINT; Schema: public; Owner: yanis
--

ALTER TABLE ONLY public.core_user_groups
    ADD CONSTRAINT core_user_groups_user_id_70b4d9b8_fk_core_user_id FOREIGN KEY (user_id) REFERENCES public.core_user(id) DEFERRABLE INITIALLY DEFERRED;


--
-- Name: core_user_user_permissions core_user_user_permi_permission_id_35ccf601_fk_auth_perm; Type: FK CONSTRAINT; Schema: public; Owner: yanis
--

ALTER TABLE ONLY public.core_user_user_permissions
    ADD CONSTRAINT core_user_user_permi_permission_id_35ccf601_fk_auth_perm FOREIGN KEY (permission_id) REFERENCES public.auth_permission(id) DEFERRABLE INITIALLY DEFERRED;


--
-- Name: core_user_user_permissions core_user_user_permissions_user_id_085123d3_fk_core_user_id; Type: FK CONSTRAINT; Schema: public; Owner: yanis
--

ALTER TABLE ONLY public.core_user_user_permissions
    ADD CONSTRAINT core_user_user_permissions_user_id_085123d3_fk_core_user_id FOREIGN KEY (user_id) REFERENCES public.core_user(id) DEFERRABLE INITIALLY DEFERRED;


--
-- Name: django_admin_log django_admin_log_content_type_id_c4bce8eb_fk_django_co; Type: FK CONSTRAINT; Schema: public; Owner: yanis
--

ALTER TABLE ONLY public.django_admin_log
    ADD CONSTRAINT django_admin_log_content_type_id_c4bce8eb_fk_django_co FOREIGN KEY (content_type_id) REFERENCES public.django_content_type(id) DEFERRABLE INITIALLY DEFERRED;


--
-- Name: django_admin_log django_admin_log_user_id_c564eba6_fk_core_user_id; Type: FK CONSTRAINT; Schema: public; Owner: yanis
--

ALTER TABLE ONLY public.django_admin_log
    ADD CONSTRAINT django_admin_log_user_id_c564eba6_fk_core_user_id FOREIGN KEY (user_id) REFERENCES public.core_user(id) DEFERRABLE INITIALLY DEFERRED;


--
-- Name: documents_synclog documents_synclog_user_id_542067df_fk_core_user_id; Type: FK CONSTRAINT; Schema: public; Owner: yanis
--

ALTER TABLE ONLY public.documents_synclog
    ADD CONSTRAINT documents_synclog_user_id_542067df_fk_core_user_id FOREIGN KEY (user_id) REFERENCES public.core_user(id) DEFERRABLE INITIALLY DEFERRED;


--
-- Name: emails_emailcampaign emails_emailcampaign_cohort_id_c1429e9d_fk_academics_cohort_id; Type: FK CONSTRAINT; Schema: public; Owner: yanis
--

ALTER TABLE ONLY public.emails_emailcampaign
    ADD CONSTRAINT emails_emailcampaign_cohort_id_c1429e9d_fk_academics_cohort_id FOREIGN KEY (cohort_id) REFERENCES public.academics_cohort(id) DEFERRABLE INITIALLY DEFERRED;


--
-- Name: emails_emailcampaign emails_emailcampaign_sent_by_id_a4132e40_fk_core_user_id; Type: FK CONSTRAINT; Schema: public; Owner: yanis
--

ALTER TABLE ONLY public.emails_emailcampaign
    ADD CONSTRAINT emails_emailcampaign_sent_by_id_a4132e40_fk_core_user_id FOREIGN KEY (sent_by_id) REFERENCES public.core_user(id) DEFERRABLE INITIALLY DEFERRED;


--
-- Name: finance_installment finance_installment_enrollment_id_6148f48f_fk_students_; Type: FK CONSTRAINT; Schema: public; Owner: yanis
--

ALTER TABLE ONLY public.finance_installment
    ADD CONSTRAINT finance_installment_enrollment_id_6148f48f_fk_students_ FOREIGN KEY (enrollment_id) REFERENCES public.students_enrollment(id) DEFERRABLE INITIALLY DEFERRED;


--
-- Name: finance_installment finance_installment_payment_id_da429205_fk_finance_payment_id; Type: FK CONSTRAINT; Schema: public; Owner: yanis
--

ALTER TABLE ONLY public.finance_installment
    ADD CONSTRAINT finance_installment_payment_id_da429205_fk_finance_payment_id FOREIGN KEY (payment_id) REFERENCES public.finance_payment(id) DEFERRABLE INITIALLY DEFERRED;


--
-- Name: finance_payment finance_payment_enrollment_id_a58e115c_fk_students_; Type: FK CONSTRAINT; Schema: public; Owner: yanis
--

ALTER TABLE ONLY public.finance_payment
    ADD CONSTRAINT finance_payment_enrollment_id_a58e115c_fk_students_ FOREIGN KEY (enrollment_id) REFERENCES public.students_enrollment(id) DEFERRABLE INITIALLY DEFERRED;


--
-- Name: finance_payment finance_payment_recorded_by_id_d157063d_fk_core_user_id; Type: FK CONSTRAINT; Schema: public; Owner: yanis
--

ALTER TABLE ONLY public.finance_payment
    ADD CONSTRAINT finance_payment_recorded_by_id_d157063d_fk_core_user_id FOREIGN KEY (recorded_by_id) REFERENCES public.core_user(id) DEFERRABLE INITIALLY DEFERRED;


--
-- Name: finance_teachercohortpayment finance_teachercohor_cohort_id_a9a25277_fk_academics; Type: FK CONSTRAINT; Schema: public; Owner: yanis
--

ALTER TABLE ONLY public.finance_teachercohortpayment
    ADD CONSTRAINT finance_teachercohor_cohort_id_a9a25277_fk_academics FOREIGN KEY (cohort_id) REFERENCES public.academics_cohort(id) DEFERRABLE INITIALLY DEFERRED;


--
-- Name: finance_teachercohortpayment finance_teachercohor_recorded_by_id_d28330d2_fk_core_user; Type: FK CONSTRAINT; Schema: public; Owner: yanis
--

ALTER TABLE ONLY public.finance_teachercohortpayment
    ADD CONSTRAINT finance_teachercohor_recorded_by_id_d28330d2_fk_core_user FOREIGN KEY (recorded_by_id) REFERENCES public.core_user(id) DEFERRABLE INITIALLY DEFERRED;


--
-- Name: finance_teachercohortpayment finance_teachercohor_teacher_id_e680eccf_fk_core_user; Type: FK CONSTRAINT; Schema: public; Owner: yanis
--

ALTER TABLE ONLY public.finance_teachercohortpayment
    ADD CONSTRAINT finance_teachercohor_teacher_id_e680eccf_fk_core_user FOREIGN KEY (teacher_id) REFERENCES public.core_user(id) DEFERRABLE INITIALLY DEFERRED;


--
-- Name: finance_teacherpayment finance_teacherpayment_recorded_by_id_79328860_fk_core_user_id; Type: FK CONSTRAINT; Schema: public; Owner: yanis
--

ALTER TABLE ONLY public.finance_teacherpayment
    ADD CONSTRAINT finance_teacherpayment_recorded_by_id_79328860_fk_core_user_id FOREIGN KEY (recorded_by_id) REFERENCES public.core_user(id) DEFERRABLE INITIALLY DEFERRED;


--
-- Name: finance_teacherpayment finance_teacherpayment_teacher_id_dec770d6_fk_core_user_id; Type: FK CONSTRAINT; Schema: public; Owner: yanis
--

ALTER TABLE ONLY public.finance_teacherpayment
    ADD CONSTRAINT finance_teacherpayment_teacher_id_dec770d6_fk_core_user_id FOREIGN KEY (teacher_id) REFERENCES public.core_user(id) DEFERRABLE INITIALLY DEFERRED;


--
-- Name: inventory_inventoryitem inventory_inventoryi_category_id_06acb4f3_fk_inventory; Type: FK CONSTRAINT; Schema: public; Owner: yanis
--

ALTER TABLE ONLY public.inventory_inventoryitem
    ADD CONSTRAINT inventory_inventoryi_category_id_06acb4f3_fk_inventory FOREIGN KEY (category_id) REFERENCES public.inventory_itemcategory(id) DEFERRABLE INITIALLY DEFERRED;


--
-- Name: inventory_shoppinglistitem inventory_shoppingli_item_id_49256e5e_fk_inventory; Type: FK CONSTRAINT; Schema: public; Owner: yanis
--

ALTER TABLE ONLY public.inventory_shoppinglistitem
    ADD CONSTRAINT inventory_shoppingli_item_id_49256e5e_fk_inventory FOREIGN KEY (item_id) REFERENCES public.inventory_inventoryitem(id) DEFERRABLE INITIALLY DEFERRED;


--
-- Name: inventory_shoppinglistitem inventory_shoppingli_shopping_list_id_fe836444_fk_inventory; Type: FK CONSTRAINT; Schema: public; Owner: yanis
--

ALTER TABLE ONLY public.inventory_shoppinglistitem
    ADD CONSTRAINT inventory_shoppingli_shopping_list_id_fe836444_fk_inventory FOREIGN KEY (shopping_list_id) REFERENCES public.inventory_shoppinglist(id) DEFERRABLE INITIALLY DEFERRED;


--
-- Name: inventory_shoppinglist inventory_shoppinglist_created_by_id_2cec414e_fk_core_user_id; Type: FK CONSTRAINT; Schema: public; Owner: yanis
--

ALTER TABLE ONLY public.inventory_shoppinglist
    ADD CONSTRAINT inventory_shoppinglist_created_by_id_2cec414e_fk_core_user_id FOREIGN KEY (created_by_id) REFERENCES public.core_user(id) DEFERRABLE INITIALLY DEFERRED;


--
-- Name: students_attendance students_attendance_enrollment_id_4ea0661f_fk_students_; Type: FK CONSTRAINT; Schema: public; Owner: yanis
--

ALTER TABLE ONLY public.students_attendance
    ADD CONSTRAINT students_attendance_enrollment_id_4ea0661f_fk_students_ FOREIGN KEY (enrollment_id) REFERENCES public.students_enrollment(id) DEFERRABLE INITIALLY DEFERRED;


--
-- Name: students_attendance students_attendance_session_id_f0a9a3f0_fk_academics; Type: FK CONSTRAINT; Schema: public; Owner: yanis
--

ALTER TABLE ONLY public.students_attendance
    ADD CONSTRAINT students_attendance_session_id_f0a9a3f0_fk_academics FOREIGN KEY (session_id) REFERENCES public.academics_coursesession(id) DEFERRABLE INITIALLY DEFERRED;


--
-- Name: students_attendance students_attendance_student_id_95d59851_fk_students_student_id; Type: FK CONSTRAINT; Schema: public; Owner: yanis
--

ALTER TABLE ONLY public.students_attendance
    ADD CONSTRAINT students_attendance_student_id_95d59851_fk_students_student_id FOREIGN KEY (student_id) REFERENCES public.students_student(id) DEFERRABLE INITIALLY DEFERRED;


--
-- Name: students_enrollment students_enrollment_cohort_id_6884c4c5_fk_academics_cohort_id; Type: FK CONSTRAINT; Schema: public; Owner: yanis
--

ALTER TABLE ONLY public.students_enrollment
    ADD CONSTRAINT students_enrollment_cohort_id_6884c4c5_fk_academics_cohort_id FOREIGN KEY (cohort_id) REFERENCES public.academics_cohort(id) DEFERRABLE INITIALLY DEFERRED;


--
-- Name: students_enrollment students_enrollment_discount_id_04393ea0_fk_finance_discount_id; Type: FK CONSTRAINT; Schema: public; Owner: yanis
--

ALTER TABLE ONLY public.students_enrollment
    ADD CONSTRAINT students_enrollment_discount_id_04393ea0_fk_finance_discount_id FOREIGN KEY (discount_id) REFERENCES public.finance_discount(id) DEFERRABLE INITIALLY DEFERRED;


--
-- Name: students_enrollment students_enrollment_student_id_f38f10af_fk_students_student_id; Type: FK CONSTRAINT; Schema: public; Owner: yanis
--

ALTER TABLE ONLY public.students_enrollment
    ADD CONSTRAINT students_enrollment_student_id_f38f10af_fk_students_student_id FOREIGN KEY (student_id) REFERENCES public.students_student(id) DEFERRABLE INITIALLY DEFERRED;


--
-- Name: students_enrollment students_enrollment_tariff_id_74fb8b36_fk_finance_tariff_id; Type: FK CONSTRAINT; Schema: public; Owner: yanis
--

ALTER TABLE ONLY public.students_enrollment
    ADD CONSTRAINT students_enrollment_tariff_id_74fb8b36_fk_finance_tariff_id FOREIGN KEY (tariff_id) REFERENCES public.finance_tariff(id) DEFERRABLE INITIALLY DEFERRED;


--
-- Name: students_studentannualfee students_studentannu_academic_year_id_429d6721_fk_core_acad; Type: FK CONSTRAINT; Schema: public; Owner: yanis
--

ALTER TABLE ONLY public.students_studentannualfee
    ADD CONSTRAINT students_studentannu_academic_year_id_429d6721_fk_core_acad FOREIGN KEY (academic_year_id) REFERENCES public.core_academicyear(id) DEFERRABLE INITIALLY DEFERRED;


--
-- Name: students_studentannualfee students_studentannu_student_id_4581c2d0_fk_students_; Type: FK CONSTRAINT; Schema: public; Owner: yanis
--

ALTER TABLE ONLY public.students_studentannualfee
    ADD CONSTRAINT students_studentannu_student_id_4581c2d0_fk_students_ FOREIGN KEY (student_id) REFERENCES public.students_student(id) DEFERRABLE INITIALLY DEFERRED;


--
-- Name: tasks_task tasks_task_assigned_to_id_e8821f61_fk_core_user_id; Type: FK CONSTRAINT; Schema: public; Owner: yanis
--

ALTER TABLE ONLY public.tasks_task
    ADD CONSTRAINT tasks_task_assigned_to_id_e8821f61_fk_core_user_id FOREIGN KEY (assigned_to_id) REFERENCES public.core_user(id) DEFERRABLE INITIALLY DEFERRED;


--
-- Name: tasks_task tasks_task_category_id_ec02979a_fk_tasks_category_id; Type: FK CONSTRAINT; Schema: public; Owner: yanis
--

ALTER TABLE ONLY public.tasks_task
    ADD CONSTRAINT tasks_task_category_id_ec02979a_fk_tasks_category_id FOREIGN KEY (category_id) REFERENCES public.tasks_category(id) DEFERRABLE INITIALLY DEFERRED;


--
-- Name: tasks_task tasks_task_created_by_id_1345568a_fk_core_user_id; Type: FK CONSTRAINT; Schema: public; Owner: yanis
--

ALTER TABLE ONLY public.tasks_task
    ADD CONSTRAINT tasks_task_created_by_id_1345568a_fk_core_user_id FOREIGN KEY (created_by_id) REFERENCES public.core_user(id) DEFERRABLE INITIALLY DEFERRED;


--
-- Name: tasks_task tasks_task_prospect_id_310d243c_fk_prospects_prospect_id; Type: FK CONSTRAINT; Schema: public; Owner: yanis
--

ALTER TABLE ONLY public.tasks_task
    ADD CONSTRAINT tasks_task_prospect_id_310d243c_fk_prospects_prospect_id FOREIGN KEY (prospect_id) REFERENCES public.prospects_prospect(id) DEFERRABLE INITIALLY DEFERRED;


--
-- Name: tasks_task tasks_task_student_id_7594d2a5_fk_students_student_id; Type: FK CONSTRAINT; Schema: public; Owner: yanis
--

ALTER TABLE ONLY public.tasks_task
    ADD CONSTRAINT tasks_task_student_id_7594d2a5_fk_students_student_id FOREIGN KEY (student_id) REFERENCES public.students_student(id) DEFERRABLE INITIALLY DEFERRED;


--
-- Name: SCHEMA public; Type: ACL; Schema: -; Owner: pg_database_owner
--

GRANT ALL ON SCHEMA public TO yanis;


--
-- PostgreSQL database dump complete
--

\unrestrict 4PPdfEMYsfaPaFEZkrH9A7nYa7qTH0ZBmfsx2YdOTbZy1t0lGfyRw6Txe176XB2

